Workbook

Sheet README
A1: Customer Support Performance & SLA – Operations Analytics Portfolio Project
A2: BZME Insights | Sector: Customer Support / BPO / Operations | Tool: Excel (formula-driven)
A4: BUSINESS PROBLEM
A5: A support centre handles thousands of tickets across chat, WhatsApp, email and phone. Management needs to see whether service-level targets are being met, where delays and reopened tickets come from, and which agents need coaching.
A7: BUSINESS QUESTIONS
A8: 1. Are first-response and resolution SLAs being met, by priority, channel and category?
A9: 2. What is customer satisfaction (CSAT) and what drives it down?
A10: 3. Which categories have the lowest resolution SLA and the highest reopen rate?
A11: 4. What is the open backlog and how much of it is aged?
A12: 5. Which days are busiest, and which agents need coaching?
A14: HOW THE WORKBOOK IS BUILT
A15: Tickets: 6,918 synthetic tickets (Jul-Sep 2026) with channel, category, priority, agent, response and resolution times, status, CSAT and reopen flag.
... A35: Clear aged backlog first and set an escalation rule to reduce escalations, which lower CSAT.

Sheet Dashboard
A1: Customer Support Performance & SLA Dashboard
A2: ="Fictional Kenyan e-commerce and delivery company | Synthetic data | "&TEXT(Assumptions!B5,"d mmm yyyy")&" to "&TEXT(Assumptions!B4,"d mmm yyyy")&" | Prepared by BZME Insights" -> Fictional Kenyan e-commerce and delivery company | Synthetic data | 1 Jul 2026 to 30 Sep 2026 | Prepared by BZME Insights
A4: TICKETS | C4: RESPONSE SLA MET | E4: RESOLUTION SLA MET | G4: AVG RESOLUTION (HRS) | I4: AVG CSAT (1-5) | K4: OPEN TICKETS (BACKLOG)
A5: =COUNTA(Tickets!$A$2:$A$6919) -> 6918 | C5: =COUNTIF(Tickets!$N$2:$N$6919,"Yes")/COUNTA(Tickets!$A$2:$A$6919) -> 0.87901127 | E5: =COUNTIF(Tickets!$O$2:$O$6919,"Yes")/(COUNTIF(Tickets!$O$2:$O$6919,"Yes")+COUNTIF(Tickets!$O$2:$O$6919,"No")) -> 0.8147439 | G5: =AVERAGE(Tickets!$H$2:$H$6919) -> 16.121254 | I5: =AVERAGE(Tickets!$J$2:$J$6919) -> 4.1381733 | K5: =COUNTIF(Tickets!$I$2:$I$6919,"Open") -> 651
A7: Key findings (update automatically)
A8: ="1. The team handled "&TEXT(A5,"#,##0")&" tickets in "&Assumptions!B6&" months. Response SLA is "&TEXT(C5,"0.0%")&" (target "&TEXT(Assumptions!B7,"0%")&"), resolution SLA "&TEXT(E5,"0.0%")&" (target "&TEXT(Assumptions!B8,"0%")&"), CSAT "&TEXT(I5,"0.00")&" (target "&TEXT(Assumptions!B9,"0.0")&")." -> 1. The team handled 6,918 tickets in 3 months. Response SLA is 87.9% (target 90%), resolution SLA 81.5% (target 85%), CSAT 4.14 (target 4.2).
A9: ="2. "&INDEX(A26:A29,MATCH(MIN(F26:F29),F26:F29,0))&" tickets have the weakest resolution SLA ("&TEXT(MIN(F26:F29),"0%")&"), while "&INDEX(A26:A29,MATCH(MAX(F26:F29),F26:F29,0))&" tickets reach "&TEXT(MAX(F26:F29),"0%")&"." -> 2. Urgent tickets have the weakest resolution SLA (57%), while Low tickets reach 95%.
A10: ="3. "&INDEX(A35:A38,MATCH(MAX(C35:C38),C35:C38,0))&" is the slowest channel for first response (average "&TEXT(MAX(C35:C38),"0")&" minutes) and "&INDEX(A35:A38,MATCH(MIN(C35:C38),C35:C38,0))&" the fastest ("&TEXT(MIN(C35:C38),"0")&")." -> 3. Email is the slowest channel for first response (average 103 minutes) and Phone the fastest (3).
A11: ="4. "&INDEX(A51:A55,MATCH(MIN(D51:D55),D51:D55,0))&" has the lowest resolution SLA ("&TEXT(MIN(D51:D55),"0%")&"); "&INDEX(A51:A55,MATCH(MAX(E51:E55),E51:E55,0))&" has the highest reopen rate ("&TEXT(MAX(E51:E55),"0.0%")&")." -> 4. Refund has the lowest resolution SLA (56%); Account has the highest reopen rate (8.8%).
A12: ="5. "&K5&" tickets are open, and "&COUNTIFS(Tickets!$I$2:$I$6919,"Open",Tickets!$B$2:$B$6919,"<"&(Assumptions!B4-Assumptions!B11))&" of them are older than "&Assumptions!B11&" days (aged backlog)." -> 5. 651 tickets are open, and 415 of them are older than 3 days (aged backlog).
A13: ="6. "&INDEX(A67:A73,MATCH(MAX(B67:B73),B67:B73,0))&" is the busiest day ("&TEXT(MAX(C67:C73),"0")&" tickets per day on average) - schedule extra cover." -> 6. Monday is the busiest day (98 tickets per day on average) - schedule extra cover.
A14: ="7. "&B93&" of "&COUNTA(Agents!$A$2:$A$19)&" agents miss all three targets and need coaching, and "&B92&" are on watch. Top performer: "&B84&"." -> 7. 6 of 18 agents miss all three targets and need coaching, and 7 are on watch. Top performer: AG11.
A15: ="8. Escalated tickets average CSAT "&TEXT(IFERROR(AVERAGEIFS(Tickets!$J$2:$J$6919,Tickets!$I$2:$I$6919,"Escalated"),0),"0.00")&" versus "&TEXT(IFERROR(AVERAGEIFS(Tickets!$J$2:$J$6919,Tickets!$I$2:$I$6919,"Resolved"),0),"0.00")&" for resolved tickets - escalation hurts satisfaction." -> 8. Escalated tickets average CSAT 3.15 versus 4.20 for resolved tickets - escalation hurts satisfaction.
A17: 1. Monthly trend
A18: Month start | B18: Month | C18: Tickets | D18: Response SLA % | E18: Resolution SLA % | F18: Avg CSAT | G18: Avg Resolution (hrs)
A19: =DATE(YEAR(Assumptions!$B$5),MONTH(Assumptions!$B$5),1) -> 46204 | B19: =TEXT(A19,"mmm") -> Jul | C19: =COUNTIFS(Tickets!$L$2:$L$6919,A19) -> 2251 | D19: =IFERROR(COUNTIFS(Tickets!$L$2:$L$6919,A19,Tickets!$N$2:$N$6919,"Yes")/C19,0) -> 0.87872057 | E19: =IFERROR(COUNTIFS(Tickets!$L$2:$L$6919,A19,Tickets!$O$2:$O$6919,"Yes")/(COUNTIFS(Tickets!$L$2:$L$6919,A19,Tickets!$O$2:$O$6919,"Yes")+COUNTIFS(Tickets!$L$2:$L$6919,A19,Tickets!$O$2:$O$6919,"No")),0) -> 0.82201087 | F19: =IFERROR(AVERAGEIFS(Tickets!$J$2:$J$6919,Tickets!$L$2:$L$6919,A19),0) -> 4.1267723 | G19: =IFERROR(AVERAGEIFS(Tickets!$H$2:$H$6919,Tickets!$L$2:$L$6919,A19),0) -> 15.838089
A20: =EDATE(A19,1) -> 46235 | B20: =TEXT(A20,"mmm") -> Aug | C20: =COUNTIFS(Tickets!$L$2:$L$6919,A20) -> 2239 | D20: =IFERROR(COUNTIFS(Tickets!$L$2:$L$6919,A20,Tickets!$N$2:$N$6919,"Yes")/C20,0) -> 0.87449754 | E20: =IFERROR(COUNTIFS(Tickets!$L$2:$L$6919,A20,Tickets!$O$2:$O$6919,"Yes")/(COUNTIFS(Tickets!$L$2:$L$6919,A20,Tickets!$O$2:$O$6919,"Yes")+COUNTIFS(Tickets!$L$2:$L$6919,A20,Tickets!$O$2:$O$6919,"No")),0) -> 0.80594966 | F20: =IFERROR(AVERAGEIFS(Tickets!$J$2:$J$6919,Tickets!$L$2:$L$6919,A20),0) -> 4.1531842 | G20: =IFERROR(AVERAGEIFS(Tickets!$H$2:$H$6919,Tickets!$L$2:$L$6919,A20),0) -> 16.140503
A21: =EDATE(A20,1) -> 46266 | B21: =TEXT(A21,"mmm") -> Sep | C21: =COUNTIFS(Tickets!$L$2:$L$6919,A21) -> 2428 | D21: =IFERROR(COUNTIFS(Tickets!$L$2:$L$6919,A21,Tickets!$N$2:$N$6919,"Yes")/C21,0) -> 0.88344316 | E21: =IFERROR(COUNTIFS(Tickets!$L$2:$L$6919,A21,Tickets!$O$2:$O$6919,"Yes")/(COUNTIFS(Tickets!$L$2:$L$6919,A21,Tickets!$O$2:$O$6919,"Yes")+COUNTIFS(Tickets!$L$2:$L$6919,A21,Tickets!$O$2:$O$6919,"No")),0) -> 0.81643543 | F21: =IFERROR(AVERAGEIFS(Tickets!$J$2:$J$6919,Tickets!$L$2:$L$6919,A21),0) -> 4.1345972 | G21: =IFERROR(AVERAGEIFS(Tickets!$H$2:$H$6919,Tickets!$L$2:$L$6919,A21),0) -> 16.432444
A24: 2. SLA performance by priority
A25: Priority | B25: Tickets | C25: Response target (min) | D25: Response SLA % | E25: Resolution target (hrs) | F25: Resolution SLA % | G25: Avg CSAT
A26: Urgent | B26: =COUNTIFS(Tickets!$E$2:$E$6919,A26) -> 413 | C26: =INDEX(Assumptions!$B$15:$B$18,MATCH(A26,Assumptions!$A$15:$A$18,0)) -> 15 | D26: =IFERROR(COUNTIFS(Tickets!$E$2:$E$6919,A26,Tickets!$N$2:$N$6919,"Yes")/B26,0) -> 0.74576271 | E26: =INDEX(Assumptions!$C$15:$C$18,MATCH(A26,Assumptions!$A$15:$A$18,0)) -> 4 | F26: =IFERROR(COUNTIFS(Tickets!$E$2:$E$6919,A26,Tickets!$O$2:$O$6919,"Yes")/(COUNTIFS(Tickets!$E$2:$E$6919,A26,Tickets!$O$2:$O$6919,"Yes")+COUNTIFS(Tickets!$E$2:$E$6919,A26,Tickets!$O$2:$O$6919,"No")),0) -> 0.57180851 | G26: =IFERROR(AVERAGEIFS(Tickets!$J$2:$J$6919,Tickets!$E$2:$E$6919,A26),0) -> 3.9575472
A27: High | B27: =COUNTIFS(Tickets!$E$2:$E$6919,A27) -> 1239 | C27: =INDEX(Assumptions!$B$15:$B$18,MATCH(A27,Assumptions!$A$15:$A$18,0)) -> 30 | D27: =IFERROR(COUNTIFS(Tickets!$E$2:$E$6919,A27,Tickets!$N$2:$N$6919,"Yes")/B27,0) -> 0.80468119 | E27: =INDEX(Assumptions!$C$15:$C$18,MATCH(A27,Assumptions!$A$15:$A$18,0)) -> 8 | F27: =IFERROR(COUNTIFS(Tickets!$E$2:$E$6919,A27,Tickets!$O$2:$O$6919,"Yes")/(COUNTIFS(Tickets!$E$2:$E$6919,A27,Tickets!$O$2:$O$6919,"Yes")+COUNTIFS(Tickets!$E$2:$E$6919,A27,Tickets!$O$2:$O$6919,"No")),0) -> 0.65572316 | G27: =IFERROR(AVERAGEIFS(Tickets!$J$2:$J$6919,Tickets!$E$2:$E$6919,A27),0) -> 4.0016584
A28: Medium | B28: =COUNTIFS(Tickets!$E$2:$E$6919,A28) -> 3231 | C28: =INDEX(Assumptions!$B$15:$B$18,MATCH(A28,Assumptions!$A$15:$A$18,0)) -> 60 | D28: =IFERROR(COUNTIFS(Tickets!$E$2:$E$6919,A28,Tickets!$N$2:$N$6919,"Yes")/B28,0) -> 0.86412875 | E28: =INDEX(Assumptions!$C$15:$C$18,MATCH(A28,Assumptions!$A$15:$A$18,0)) -> 24 | F28: =IFERROR(COUNTIFS(Tickets!$E$2:$E$6919,A28,Tickets!$O$2:$O$6919,"Yes")/(COUNTIFS(Tickets!$E$2:$E$6919,A28,Tickets!$O$2:$O$6919,"Yes")+COUNTIFS(Tickets!$E$2:$E$6919,A28,Tickets!$O$2:$O$6919,"No")),0) -> 0.8248974 | G28: =IFERROR(AVERAGEIFS(Tickets!$J$2:$J$6919,Tickets!$E$2:$E$6919,A28),0) -> 4.1378245
A29: Low | B29: =COUNTIFS(Tickets!$E$2:$E$6919,A29) -> 2035 | C29: =INDEX(Assumptions!$B$15:$B$18,MATCH(A29,Assumptions!$A$15:$A$18,0)) -> 240 | D29: =IFERROR(COUNTIFS(Tickets!$E$2:$E$6919,A29,Tickets!$N$2:$N$6919,"Yes")/B29,0) -> 0.97493857 | E29: =INDEX(Assumptions!$C$15:$C$18,MATCH(A29,Assumptions!$A$15:$A$18,0)) -> 72 | F29: =IFERROR(COUNTIFS(Tickets!$E$2:$E$6919,A29,Tickets!$O$2:$O$6919,"Yes")/(COUNTIFS(Tickets!$E$2:$E$6919,A29,Tickets!$O$2:$O$6919,"Yes")+COUNTIFS(Tickets!$E$2:$E$6919,A29,Tickets!$O$2:$O$6919,"No")),0) -> 0.94565217 | G29: =IFERROR(AVERAGEIFS(Tickets!$J$2:$J$6919,Tickets!$E$2:$E$6919,A29),0) -> 4.2614446
A30: Total | B30: =SUM(B26:B29) -> 6918 | D30: =C5 -> 0.87901127 | F30: =E5 -> 0.8147439 | G30: =I5 -> 4.1381733
A33: 3. Channel performance
A34: Channel | B34: Tickets | C34: Avg First Response (min) | D34: Response SLA % | E34: Avg Resolution (hrs) | F34: Avg CSAT
A35: Chat | B35: =COUNTIFS(Tickets!$C$2:$C$6919,A35) -> 2057 | C35: =IFERROR(AVERAGEIFS(Tickets!$G$2:$G$6919,Tickets!$C$2:$C$6919,A35),0) -> 5.6315022 | D35: =IFERROR(COUNTIFS(Tickets!$C$2:$C$6919,A35,Tickets!$N$2:$N$6919,"Yes")/B35,0) -> 0.99854157 | E35: =IFERROR(AVERAGEIFS(Tickets!$H$2:$H$6919,Tickets!$C$2:$C$6919,A35),0) -> 16.159017 | F35: =IFERROR(AVERAGEIFS(Tickets!$J$2:$J$6919,Tickets!$C$2:$C$6919,A35),0) -> 4.1732926
A36: WhatsApp | B36: =COUNTIFS(Tickets!$C$2:$C$6919,A36) -> 1895 | C36: =IFERROR(AVERAGEIFS(Tickets!$G$2:$G$6919,Tickets!$C$2:$C$6919,A36),0) -> 14.861214 | D36: =IFERROR(COUNTIFS(Tickets!$C$2:$C$6919,A36,Tickets!$N$2:$N$6919,"Yes")/B36,0) -> 0.98047493 | E36: =IFERROR(AVERAGEIFS(Tickets!$H$2:$H$6919,Tickets!$C$2:$C$6919,A36),0) -> 16.167723 | F36: =IFERROR(AVERAGEIFS(Tickets!$J$2:$J$6919,Tickets!$C$2:$C$6919,A36),0) -> 4.1675338
A37: Email | B37: =COUNTIFS(Tickets!$C$2:$C$6919,A37) -> 1556 | C37: =IFERROR(AVERAGEIFS(Tickets!$G$2:$G$6919,Tickets!$C$2:$C$6919,A37),0) -> 102.75193 | D37: =IFERROR(COUNTIFS(Tickets!$C$2:$C$6919,A37,Tickets!$N$2:$N$6919,"Yes")/B37,0) -> 0.4877892 | E37: =IFERROR(AVERAGEIFS(Tickets!$H$2:$H$6919,Tickets!$C$2:$C$6919,A37),0) -> 16.254284 | F37: =IFERROR(AVERAGEIFS(Tickets!$J$2:$J$6919,Tickets!$C$2:$C$6919,A37),0) -> 3.9910828
A38: Phone | B38: =COUNTIFS(Tickets!$C$2:$C$6919,A38) -> 1410 | C38: =IFERROR(AVERAGEIFS(Tickets!$G$2:$G$6919,Tickets!$C$2:$C$6919,A38),0) -> 2.912766 | D38: =IFERROR(COUNTIFS(Tickets!$C$2:$C$6919,A38,Tickets!$N$2:$N$6919,"Yes")/B38,0) -> 1 | E38: =IFERROR(AVERAGEIFS(Tickets!$H$2:$H$6919,Tickets!$C$2:$C$6919,A38),0) -> 15.858197 | F38: =IFERROR(AVERAGEIFS(Tickets!$J$2:$J$6919,Tickets!$C$2:$C$6919,A38),0) -> 4.2148041
A39: Total | B39: =SUM(B35:B38) -> 6918 | C39: =AVERAGE(Tickets!$G$2:$G$6919) -> 29.449986 | D39: =C5 -> 0.87901127 | E39: =G5 -> 16.121254 | F39: =I5 -> 4.1381733
A49: 4. Category performance
A50: Category | B50: Tickets | C50: Avg Resolution (hrs) | D50: Resolution SLA % | E50: Reopen Rate | F50: Avg CSAT | G50: Escalated
A51: Technical | B51: =COUNTIFS(Tickets!$D$2:$D$6919,A51) -> 2053 | C51: =IFERROR(AVERAGEIFS(Tickets!$H$2:$H$6919,Tickets!$D$2:$D$6919,A51),0) -> 16.330479 | D51: =IFERROR(COUNTIFS(Tickets!$D$2:$D$6919,A51,Tickets!$O$2:$O$6919,"Yes")/(COUNTIFS(Tickets!$D$2:$D$6919,A51,Tickets!$O$2:$O$6919,"Yes")+COUNTIFS(Tickets!$D$2:$D$6919,A51,Tickets!$O$2:$O$6919,"No")),0) -> 0.8143617 | E51: =IFERROR(COUNTIFS(Tickets!$D$2:$D$6919,A51,Tickets!$K$2:$K$6919,"Yes")/COUNTIFS(Tickets!$D$2:$D$6919,A51,Tickets!$I$2:$I$6919,"<>Open"),0) -> 0.070212766 | F51: =IFERROR(AVERAGEIFS(Tickets!$J$2:$J$6919,Tickets!$D$2:$D$6919,A51),0) -> 4.1282565 | G51: =COUNTIFS(Tickets!$D$2:$D$6919,A51,Tickets!$I$2:$I$6919,"Escalated") -> 124
A52: Billing | B52: =COUNTIFS(Tickets!$D$2:$D$6919,A52) -> 1717 | C52: =IFERROR(AVERAGEIFS(Tickets!$H$2:$H$6919,Tickets!$D$2:$D$6919,A52),0) -> 8.1386113 | D52: =IFERROR(COUNTIFS(Tickets!$D$2:$D$6919,A52,Tickets!$O$2:$O$6919,"Yes")/(COUNTIFS(Tickets!$D$2:$D$6919,A52,Tickets!$O$2:$O$6919,"Yes")+COUNTIFS(Tickets!$D$2:$D$6919,A52,Tickets!$O$2:$O$6919,"No")),0) -> 0.94484101 | E52: =IFERROR(COUNTIFS(Tickets!$D$2:$D$6919,A52,Tickets!$K$2:$K$6919,"Yes")/COUNTIFS(Tickets!$D$2:$D$6919,A52,Tickets!$I$2:$I$6919,"<>Open"),0) -> 0.073329007 | F52: =IFERROR(AVERAGEIFS(Tickets!$J$2:$J$6919,Tickets!$D$2:$D$6919,A52),0) -> 4.2485549 | G52: =COUNTIFS(Tickets!$D$2:$D$6919,A52,Tickets!$I$2:$I$6919,"Escalated") -> 87
A53: Delivery | B53: =COUNTIFS(Tickets!$D$2:$D$6919,A53) -> 1405 | C53: =IFERROR(AVERAGEIFS(Tickets!$H$2:$H$6919,Tickets!$D$2:$D$6919,A53),0) -> 21.953084 | D53: =IFERROR(COUNTIFS(Tickets!$D$2:$D$6919,A53,Tickets!$O$2:$O$6919,"Yes")/(COUNTIFS(Tickets!$D$2:$D$6919,A53,Tickets!$O$2:$O$6919,"Yes")+COUNTIFS(Tickets!$D$2:$D$6919,A53,Tickets!$O$2:$O$6919,"No")),0) -> 0.69476971 | E53: =IFERROR(COUNTIFS(Tickets!$D$2:$D$6919,A53,Tickets!$K$2:$K$6919,"Yes")/COUNTIFS(Tickets!$D$2:$D$6919,A53,Tickets!$I$2:$I$6919,"<>Open"),0) -> 0.071818891 | F53: =IFERROR(AVERAGEIFS(Tickets!$J$2:$J$6919,Tickets!$D$2:$D$6919,A53),0) -> 4.0472779 | G53: =COUNTIFS(Tickets!$D$2:$D$6919,A53,Tickets!$I$2:$I$6919,"Escalated") -> 73
A54: Account | B54: =COUNTIFS(Tickets!$D$2:$D$6919,A54) -> 955 | C54: =IFERROR(AVERAGEIFS(Tickets!$H$2:$H$6919,Tickets!$D$2:$D$6919,A54),0) -> 6.3614302 | D54: =IFERROR(COUNTIFS(Tickets!$D$2:$D$6919,A54,Tickets!$O$2:$O$6919,"Yes")/(COUNTIFS(Tickets!$D$2:$D$6919,A54,Tickets!$O$2:$O$6919,"Yes")+COUNTIFS(Tickets!$D$2:$D$6919,A54,Tickets!$O$2:$O$6919,"No")),0) -> 0.97420868 | E54: =IFERROR(COUNTIFS(Tickets!$D$2:$D$6919,A54,Tickets!$K$2:$K$6919,"Yes")/COUNTIFS(Tickets!$D$2:$D$6919,A54,Tickets!$I$2:$I$6919,"<>Open"),0) -> 0.087924971 | F54: =IFERROR(AVERAGEIFS(Tickets!$J$2:$J$6919,Tickets!$D$2:$D$6919,A54),0) -> 4.251073 | G54: =COUNTIFS(Tickets!$D$2:$D$6919,A54,Tickets!$I$2:$I$6919,"Escalated") -> 58
A55: Refund | B55: =COUNTIFS(Tickets!$D$2:$D$6919,A55) -> 788 | C55: =IFERROR(AVERAGEIFS(Tickets!$H$2:$H$6919,Tickets!$D$2:$D$6919,A55),0) -> 34.046067 | D55: =IFERROR(COUNTIFS(Tickets!$D$2:$D$6919,A55,Tickets!$O$2:$O$6919,"Yes")/(COUNTIFS(Tickets!$D$2:$D$6919,A55,Tickets!$O$2:$O$6919,"Yes")+COUNTIFS(Tickets!$D$2:$D$6919,A55,Tickets!$O$2:$O$6919,"No")),0) -> 0.55898876 | E55: =IFERROR(COUNTIFS(Tickets!$D$2:$D$6919,A55,Tickets!$K$2:$K$6919,"Yes")/COUNTIFS(Tickets!$D$2:$D$6919,A55,Tickets!$I$2:$I$6919,"<>Open"),0) -> 0.073033708 | F55: =IFERROR(AVERAGEIFS(Tickets!$J$2:$J$6919,Tickets!$D$2:$D$6919,A55),0) -> 3.9460154 | G55: =COUNTIFS(Tickets!$D$2:$D$6919,A55,Tickets!$I$2:$I$6919,"Escalated") -> 41
A56: Total | B56: =SUM(B51:B55) -> 6918 | C56: =G5 -> 16.121254 | D56: =E5 -> 0.8147439 | E56: =IFERROR(COUNTIF(Tickets!$K$2:$K$6919,"Yes")/COUNTIF(Tickets!$I$2:$I$6919,"<>Open"),0) -> 0.074038615 | F56: =I5 -> 4.1381733 | G56: =SUM(G51:G55) -> 383
A65: 5. Ticket volume by weekday
A66: Weekday | B66: Tickets | C66: Avg per Day | D66: Response SLA %
A67: Monday | B67: =COUNTIFS(Tickets!$M$2:$M$6919,1) -> 1269 | C67: =IFERROR(B67/SUMPRODUCT(--(WEEKDAY(ROW(INDIRECT(Assumptions!$B$5&":"&Assumptions!$B$4)),2)=1)),0) -> 97.615385 | D67: =IFERROR(COUNTIFS(Tickets!$M$2:$M$6919,1,Tickets!$N$2:$N$6919,"Yes")/B67,0) -> 0.85500394
A68: Tuesday | B68: =COUNTIFS(Tickets!$M$2:$M$6919,2) -> 1092 | C68: =IFERROR(B68/SUMPRODUCT(--(WEEKDAY(ROW(INDIRECT(Assumptions!$B$5&":"&Assumptions!$B$4)),2)=2)),0) -> 84 | D68: =IFERROR(COUNTIFS(Tickets!$M$2:$M$6919,2,Tickets!$N$2:$N$6919,"Yes")/B68,0) -> 0.89102564
A69: Wednesday | B69: =COUNTIFS(Tickets!$M$2:$M$6919,3) -> 1167 | C69: =IFERROR(B69/SUMPRODUCT(--(WEEKDAY(ROW(INDIRECT(Assumptions!$B$5&":"&Assumptions!$B$4)),2)=3)),0) -> 83.357143 | D69: =IFERROR(COUNTIFS(Tickets!$M$2:$M$6919,3,Tickets!$N$2:$N$6919,"Yes")/B69,0) -> 0.88517566
A70: Thursday | B70: =COUNTIFS(Tickets!$M$2:$M$6919,4) -> 1054 | C70: =IFERROR(B70/SUMPRODUCT(--(WEEKDAY(ROW(INDIRECT(Assumptions!$B$5&":"&Assumptions!$B$4)),2)=4)),0) -> 81.076923 | D70: =IFERROR(COUNTIFS(Tickets!$M$2:$M$6919,4,Tickets!$N$2:$N$6919,"Yes")/B70,0) -> 0.87571157
A71: Friday | B71: =COUNTIFS(Tickets!$M$2:$M$6919,5) -> 1119 | C71: =IFERROR(B71/SUMPRODUCT(--(WEEKDAY(ROW(INDIRECT(Assumptions!$B$5&":"&Assumptions!$B$4)),2)=5)),0) -> 86.076923 | D71: =IFERROR(COUNTIFS(Tickets!$M$2:$M$6919,5,Tickets!$N$2:$N$6919,"Yes")/B71,0) -> 0.8766756
A72: Saturday | B72: =COUNTIFS(Tickets!$M$2:$M$6919,6) -> 701 | C72: =IFERROR(B72/SUMPRODUCT(--(WEEKDAY(ROW(INDIRECT(Assumptions!$B$5&":"&Assumptions!$B$4)),2)=6)),0) -> 53.923077 | D72: =IFERROR(COUNTIFS(Tickets!$M$2:$M$6919,6,Tickets!$N$2:$N$6919,"Yes")/B72,0) -> 0.90299572
A73: Sunday | B73: =COUNTIFS(Tickets!$M$2:$M$6919,7) -> 516 | C73: =IFERROR(B73/SUMPRODUCT(--(WEEKDAY(ROW(INDIRECT(Assumptions!$B$5&":"&Assumptions!$B$4)),2)=7)),0) -> 39.692308 | D73: =IFERROR(COUNTIFS(Tickets!$M$2:$M$6919,7,Tickets!$N$2:$N$6919,"Yes")/B73,0) -> 0.87790698
A81: 6. Agent leaderboard (by resolution SLA %)
A82: Top 5 agents | G82: Bottom 5 agents
A83: Rank | B83: Agent | C83: Team | D83: Resolution SLA % | E83: Avg CSAT | G83: Rank | H83: Agent | I83: Team | J83: Resolution SLA % | K83: Avg CSAT
A84: 1 | B84: =INDEX(Agents!$A$2:$A$19,MATCH(A84,Agents!$M$2:$M$19,0)) -> AG11 | C84: =INDEX(Agents!$B$2:$B$19,MATCH(A84,Agents!$M$2:$M$19,0)) -> Team Bravo | D84: =INDEX(Agents!$H$2:$H$19,MATCH(A84,Agents!$M$2:$M$19,0)) -> 0.90962099 | E84: =INDEX(Agents!$I$2:$I$19,MATCH(A84,Agents!$M$2:$M$19,0)) -> 4.5139665 | G84: =COUNTA(Agents!$A$2:$A$19)-0 -> 18 | H84: =INDEX(Agents!$A$2:$A$19,MATCH(G84,Agents!$M$2:$M$19,0)) -> AG15 | I84: =INDEX(Agents!$B$2:$B$19,MATCH(G84,Agents!$M$2:$M$19,0)) -> Team Charlie | J84: =INDEX(Agents!$H$2:$H$19,MATCH(G84,Agents!$M$2:$M$19,0)) -> 0.65027322 | K84: =INDEX(Agents!$I$2:$I$19,MATCH(G84,Agents!$M$2:$M$19,0)) -> 3.6595745
A85: 2 | B85: =INDEX(Agents!$A$2:$A$19,MATCH(A85,Agents!$M$2:$M$19,0)) -> AG01 | C85: =INDEX(Agents!$B$2:$B$19,MATCH(A85,Agents!$M$2:$M$19,0)) -> Team Alpha | D85: =INDEX(Agents!$H$2:$H$19,MATCH(A85,Agents!$M$2:$M$19,0)) -> 0.90294118 | E85: =INDEX(Agents!$I$2:$I$19,MATCH(A85,Agents!$M$2:$M$19,0)) -> 4.3791209 | G85: =COUNTA(Agents!$A$2:$A$19)-1 -> 17 | H85: =INDEX(Agents!$A$2:$A$19,MATCH(G85,Agents!$M$2:$M$19,0)) -> AG03 | I85: =INDEX(Agents!$B$2:$B$19,MATCH(G85,Agents!$M$2:$M$19,0)) -> Team Alpha | J85: =INDEX(Agents!$H$2:$H$19,MATCH(G85,Agents!$M$2:$M$19,0)) -> 0.70231214 | K85: =INDEX(Agents!$I$2:$I$19,MATCH(G85,Agents!$M$2:$M$19,0)) -> 3.6372093
A86: 3 | B86: =INDEX(Agents!$A$2:$A$19,MATCH(A86,Agents!$M$2:$M$19,0)) -> AG13 | C86: =INDEX(Agents!$B$2:$B$19,MATCH(A86,Agents!$M$2:$M$19,0)) -> Team Charlie | D86: =INDEX(Agents!$H$2:$H$19,MATCH(A86,Agents!$M$2:$M$19,0)) -> 0.88481675 | E86: =INDEX(Agents!$I$2:$I$19,MATCH(A86,Agents!$M$2:$M$19,0)) -> 4.385 | G86: =COUNTA(Agents!$A$2:$A$19)-2 -> 16 | H86: =INDEX(Agents!$A$2:$A$19,MATCH(G86,Agents!$M$2:$M$19,0)) -> AG16 | I86: =INDEX(Agents!$B$2:$B$19,MATCH(G86,Agents!$M$2:$M$19,0)) -> Team Charlie | J86: =INDEX(Agents!$H$2:$H$19,MATCH(G86,Agents!$M$2:$M$19,0)) -> 0.71019108 | K86: =INDEX(Agents!$I$2:$I$19,MATCH(G86,Agents!$M$2:$M$19,0)) -> 3.8285714
A87: 4 | B87: =INDEX(Agents!$A$2:$A$19,MATCH(A87,Agents!$M$2:$M$19,0)) -> AG05 | C87: =INDEX(Agents!$B$2:$B$19,MATCH(A87,Agents!$M$2:$M$19,0)) -> Team Alpha | D87: =INDEX(Agents!$H$2:$H$19,MATCH(A87,Agents!$M$2:$M$19,0)) -> 0.86826347 | E87: =INDEX(Agents!$I$2:$I$19,MATCH(A87,Agents!$M$2:$M$19,0)) -> 4.3011364 | G87: =COUNTA(Agents!$A$2:$A$19)-3 -> 15 | H87: =INDEX(Agents!$A$2:$A$19,MATCH(G87,Agents!$M$2:$M$19,0)) -> AG10 | I87: =INDEX(Agents!$B$2:$B$19,MATCH(G87,Agents!$M$2:$M$19,0)) -> Team Bravo | J87: =INDEX(Agents!$H$2:$H$19,MATCH(G87,Agents!$M$2:$M$19,0)) -> 0.73369565 | K87: =INDEX(Agents!$I$2:$I$19,MATCH(G87,Agents!$M$2:$M$19,0)) -> 3.735
A88: 5 | B88: =INDEX(Agents!$A$2:$A$19,MATCH(A88,Agents!$M$2:$M$19,0)) -> AG08 | C88: =INDEX(Agents!$B$2:$B$19,MATCH(A88,Agents!$M$2:$M$19,0)) -> Team Bravo | D88: =INDEX(Agents!$H$2:$H$19,MATCH(A88,Agents!$M$2:$M$19,0)) -> 0.85714286 | E88: =INDEX(Agents!$I$2:$I$19,MATCH(A88,Agents!$M$2:$M$19,0)) -> 4.4034091 | G88: =COUNTA(Agents!$A$2:$A$19)-4 -> 14 | H88: =INDEX(Agents!$A$2:$A$19,MATCH(G88,Agents!$M$2:$M$19,0)) -> AG04 | I88: =INDEX(Agents!$B$2:$B$19,MATCH(G88,Agents!$M$2:$M$19,0)) -> Team Alpha | J88: =INDEX(Agents!$H$2:$H$19,MATCH(G88,Agents!$M$2:$M$19,0)) -> 0.7761194 | K88: =INDEX(Agents!$I$2:$I$19,MATCH(G88,Agents!$M$2:$M$19,0)) -> 3.9388889
A90: Performance flag | B90: Agents
A91: On track | B91: =COUNTIF(Agents!$L$2:$L$19,A91) -> 5
A92: Watch | B92: =COUNTIF(Agents!$L$2:$L$19,A92) -> 7
A93: Coaching needed | B93: =COUNTIF(Agents!$L$2:$L$19,A93) -> 6

Sheet Assumptions
A1: Assumptions & Parameters
A2: Blue cells are editable inputs. Everything else recalculates from them.
A4: As-of date | B4: 46295 | C4: Last day of data.
A5: Period start | B5: 46204 | C5: First day of data.
A6: Months in period | B6: =(YEAR(B4)-YEAR(B5))*12+MONTH(B4)-MONTH(B5)+1 -> 3 | C6: Calculated.
A7: Response SLA target (% of tickets) | B7: 0.9 | C7: Share of tickets answered within the priority's first-response target.
A8: Resolution SLA target (% of tickets) | B8: 0.85 | C8: Share of tickets resolved within the priority's resolution target.
A9: CSAT target (1-5) | B9: 4.2 | C9: Average customer satisfaction score.
A10: Maximum reopen rate | B10: 0.08 | C10: Share of tickets reopened after resolution.
A11: Aged backlog: open longer than (days) | B11: 3 | C11: Open tickets older than this count as aged backlog.
A13: SLA targets by priority
A14: Priority | B14: First response target (minutes) | C14: Resolution target (hours)
A15: Urgent | B15: 15 | C15: 4
A16: High | B16: 30 | C16: 8
A17: Medium | B17: 60 | C17: 24
A18: Low | B18: 240 | C18: 72

Sheet Agents
A1: AgentID | B1: Team | C1: Tickets | D1: Closed Tickets | E1: Avg First Response (min) | F1: Avg Resolution (hrs) | G1: Response SLA % | H1: Resolution SLA % | I1: Avg CSAT | J1: Reopen Rate | K1: Targets Missed | L1: Performance Flag | M1: Resolution SLA Rank
A2: AG01 | B2: Team Alpha | C2: =COUNTIFS(Tickets!$F$2:$F$6919,A2) -> 369 | D2: =COUNTIFS(Tickets!$F$2:$F$6919,A2,Tickets!$I$2:$I$6919,"<>Open") -> 340 | E2: =IFERROR(AVERAGEIFS(Tickets!$G$2:$G$6919,Tickets!$F$2:$F$6919,A2),0) -> 21.826558 | F2: =IFERROR(AVERAGEIFS(Tickets!$H$2:$H$6919,Tickets!$F$2:$F$6919,A2),0) -> 12.451176 | G2: =IFERROR(COUNTIFS(Tickets!$F$2:$F$6919,A2,Tickets!$N$2:$N$6919,"Yes")/C2,0) -> 0.89430894 | H2: =IFERROR(COUNTIFS(Tickets!$F$2:$F$6919,A2,Tickets!$O$2:$O$6919,"Yes")/(COUNTIFS(Tickets!$F$2:$F$6919,A2,Tickets!$O$2:$O$6919,"Yes")+COUNTIFS(Tickets!$F$2:$F$6919,A2,Tickets!$O$2:$O$6919,"No")),0) -> 0.90294118 | I2: =IFERROR(AVERAGEIFS(Tickets!$J$2:$J$6919,Tickets!$F$2:$F$6919,A2),0) -> 4.3791209 | J2: =IFERROR(COUNTIFS(Tickets!$F$2:$F$6919,A2,Tickets!$K$2:$K$6919,"Yes")/D2,0) -> 0.047058824 | K2: =(H2<Assumptions!$B$8)+(I2<Assumptions!$B$9)+(J2>Assumptions!$B$10) -> 0 | L2: =IF(K2>=3,"Coaching needed",IF(K2>=1,"Watch","On track")) -> On track | M2: =RANK(H2,$H$2:$H$19)+COUNTIF($H$2:H2,H2)-1 -> 2
A3: AG02 | B3: Team Alpha | C3: =COUNTIFS(Tickets!$F$2:$F$6919,A3) -> 355 | D3: =COUNTIFS(Tickets!$F$2:$F$6919,A3,Tickets!$I$2:$I$6919,"<>Open") -> 320 | E3: =IFERROR(AVERAGEIFS(Tickets!$G$2:$G$6919,Tickets!$F$2:$F$6919,A3),0) -> 21.977465 | F3: =IFERROR(AVERAGEIFS(Tickets!$H$2:$H$6919,Tickets!$F$2:$F$6919,A3),0) -> 14.898438 | G3: =IFERROR(COUNTIFS(Tickets!$F$2:$F$6919,A3,Tickets!$N$2:$N$6919,"Yes")/C3,0) -> 0.90985915 | H3: =IFERROR(COUNTIFS(Tickets!$F$2:$F$6919,A3,Tickets!$O$2:$O$6919,"Yes")/(COUNTIFS(Tickets!$F$2:$F$6919,A3,Tickets!$O$2:$O$6919,"Yes")+COUNTIFS(Tickets!$F$2:$F$6919,A3,Tickets!$O$2:$O$6919,"No")),0) -> 0.828125 | I3: =IFERROR(AVERAGEIFS(Tickets!$J$2:$J$6919,Tickets!$F$2:$F$6919,A3),0) -> 4.1349693 | J3: =IFERROR(COUNTIFS(Tickets!$F$2:$F$6919,A3,Tickets!$K$2:$K$6919,"Yes")/D3,0) -> 0.05625 | K3: =(H3<Assumptions!$B$8)+(I3<Assumptions!$B$9)+(J3>Assumptions!$B$10) -> 2 | L3: =IF(K3>=3,"Coaching needed",IF(K3>=1,"Watch","On track")) -> Watch | M3: =RANK(H3,$H$2:$H$19)+COUNTIF($H$2:H3,H3)-1 -> 11
A4: AG03 | B4: Team Alpha | C4: =COUNTIFS(Tickets!$F$2:$F$6919,A4) -> 393 | D4: =COUNTIFS(Tickets!$F$2:$F$6919,A4,Tickets!$I$2:$I$6919,"<>Open") -> 346 | E4: =IFERROR(AVERAGEIFS(Tickets!$G$2:$G$6919,Tickets!$F$2:$F$6919,A4),0) -> 33.035623 | F4: =IFERROR(AVERAGEIFS(Tickets!$H$2:$H$6919,Tickets!$F$2:$F$6919,A4),0) -> 23.627746 | G4: =IFERROR(COUNTIFS(Tickets!$F$2:$F$6919,A4,Tickets!$N$2:$N$6919,"Yes")/C4,0) -> 0.86005089 | H4: =IFERROR(COUNTIFS(Tickets!$F$2:$F$6919,A4,Tickets!$O$2:$O$6919,"Yes")/(COUNTIFS(Tickets!$F$2:$F$6919,A4,Tickets!$O$2:$O$6919,"Yes")+COUNTIFS(Tickets!$F$2:$F$6919,A4,Tickets!$O$2:$O$6919,"No")),0) -> 0.70231214 | I4: =IFERROR(AVERAGEIFS(Tickets!$J$2:$J$6919,Tickets!$F$2:$F$6919,A4),0) -> 3.6372093 | J4: =IFERROR(COUNTIFS(Tickets!$F$2:$F$6919,A4,Tickets!$K$2:$K$6919,"Yes")/D4,0) -> 0.11849711 | K4: =(H4<Assumptions!$B$8)+(I4<Assumptions!$B$9)+(J4>Assumptions!$B$10) -> 3 | L4: =IF(K4>=3,"Coaching needed",IF(K4>=1,"Watch","On track")) -> Coaching needed | M4: =RANK(H4,$H$2:$H$19)+COUNTIF($H$2:H4,H4)-1 -> 17
A5: AG04 | B5: Team Alpha | C5: =COUNTIFS(Tickets!$F$2:$F$6919,A5) -> 373 | D5: =COUNTIFS(Tickets!$F$2:$F$6919,A5,Tickets!$I$2:$I$6919,"<>Open") -> 335 | E5: =IFERROR(AVERAGEIFS(Tickets!$G$2:$G$6919,Tickets!$F$2:$F$6919,A5),0) -> 36.477212 | F5: =IFERROR(AVERAGEIFS(Tickets!$H$2:$H$6919,Tickets!$F$2:$F$6919,A5),0) -> 19.664478 | G5: =IFERROR(COUNTIFS(Tickets!$F$2:$F$6919,A5,Tickets!$N$2:$N$6919,"Yes")/C5,0) -> 0.84718499 | H5: =IFERROR(COUNTIFS(Tickets!$F$2:$F$6919,A5,Tickets!$O$2:$O$6919,"Yes")/(COUNTIFS(Tickets!$F$2:$F$6919,A5,Tickets!$O$2:$O$6919,"Yes")+COUNTIFS(Tickets!$F$2:$F$6919,A5,Tickets!$O$2:$O$6919,"No")),0) -> 0.7761194 | I5: =IFERROR(AVERAGEIFS(Tickets!$J$2:$J$6919,Tickets!$F$2:$F$6919,A5),0) -> 3.9388889 | J5: =IFERROR(COUNTIFS(Tickets!$F$2:$F$6919,A5,Tickets!$K$2:$K$6919,"Yes")/D5,0) -> 0.095522388 | K5: =(H5<Assumptions!$B$8)+(I5<Assumptions!$B$9)+(J5>Assumptions!$B$10) -> 3 | L5: =IF(K5>=3,"Coaching needed",IF(K5>=1,"Watch","On track")) -> Coaching needed | M5: =RANK(H5,$H$2:$H$19)+COUNTIF($H$2:H5,H5)-1 -> 14
A6: AG05 | B6: Team Alpha | C6: =COUNTIFS(Tickets!$F$2:$F$6919,A6) -> 365 | D6: =COUNTIFS(Tickets!$F$2:$F$6919,A6,Tickets!$I$2:$I$6919,"<>Open") -> 334 | E6: =IFERROR(AVERAGEIFS(Tickets!$G$2:$G$6919,Tickets!$F$2:$F$6919,A6),0) -> 28.945205 | F6: =IFERROR(AVERAGEIFS(Tickets!$H$2:$H$6919,Tickets!$F$2:$F$6919,A6),0) -> 14.910778 | G6: =IFERROR(COUNTIFS(Tickets!$F$2:$F$6919,A6,Tickets!$N$2:$N$6919,"Yes")/C6,0) -> 0.87671233 | H6: =IFERROR(COUNTIFS(Tickets!$F$2:$F$6919,A6,Tickets!$O$2:$O$6919,"Yes")/(COUNTIFS(Tickets!$F$2:$F$6919,A6,Tickets!$O$2:$O$6919,"Yes")+COUNTIFS(Tickets!$F$2:$F$6919,A6,Tickets!$O$2:$O$6919,"No")),0) -> 0.86826347 | I6: =IFERROR(AVERAGEIFS(Tickets!$J$2:$J$6919,Tickets!$F$2:$F$6919,A6),0) -> 4.3011364 | J6: =IFERROR(COUNTIFS(Tickets!$F$2:$F$6919,A6,Tickets!$K$2:$K$6919,"Yes")/D6,0) -> 0.065868263 | K6: =(H6<Assumptions!$B$8)+(I6<Assumptions!$B$9)+(J6>Assumptions!$B$10) -> 0 | L6: =IF(K6>=3,"Coaching needed",IF(K6>=1,"Watch","On track")) -> On track | M6: =RANK(H6,$H$2:$H$19)+COUNTIF($H$2:H6,H6)-1 -> 4
A7: AG06 | B7: Team Alpha | C7: =COUNTIFS(Tickets!$F$2:$F$6919,A7) -> 400 | D7: =COUNTIFS(Tickets!$F$2:$F$6919,A7,Tickets!$I$2:$I$6919,"<>Open") -> 372 | E7: =IFERROR(AVERAGEIFS(Tickets!$G$2:$G$6919,Tickets!$F$2:$F$6919,A7),0) -> 27.675 | F7: =IFERROR(AVERAGEIFS(Tickets!$H$2:$H$6919,Tickets!$F$2:$F$6919,A7),0) -> 13.778226 | G7: =IFERROR(COUNTIFS(Tickets!$F$2:$F$6919,A7,Tickets!$N$2:$N$6919,"Yes")/C7,0) -> 0.8875 | H7: =IFERROR(COUNTIFS(Tickets!$F$2:$F$6919,A7,Tickets!$O$2:$O$6919,"Yes")/(COUNTIFS(Tickets!$F$2:$F$6919,A7,Tickets!$O$2:$O$6919,"Yes")+COUNTIFS(Tickets!$F$2:$F$6919,A7,Tickets!$O$2:$O$6919,"No")),0) -> 0.83333333 | I7: =IFERROR(AVERAGEIFS(Tickets!$J$2:$J$6919,Tickets!$F$2:$F$6919,A7),0) -> 4.1469194 | J7: =IFERROR(COUNTIFS(Tickets!$F$2:$F$6919,A7,Tickets!$K$2:$K$6919,"Yes")/D7,0) -> 0.069892473 | K7: =(H7<Assumptions!$B$8)+(I7<Assumptions!$B$9)+(J7>Assumptions!$B$10) -> 2 | L7: =IF(K7>=3,"Coaching needed",IF(K7>=1,"Watch","On track")) -> Watch | M7: =RANK(H7,$H$2:$H$19)+COUNTIF($H$2:H7,H7)-1 -> 10
A8: AG07 | B8: Team Bravo | C8: =COUNTIFS(Tickets!$F$2:$F$6919,A8) -> 394 | D8: =COUNTIFS(Tickets!$F$2:$F$6919,A8,Tickets!$I$2:$I$6919,"<>Open") -> 364 | E8: =IFERROR(AVERAGEIFS(Tickets!$G$2:$G$6919,Tickets!$F$2:$F$6919,A8),0) -> 20.28934 | F8: =IFERROR(AVERAGEIFS(Tickets!$H$2:$H$6919,Tickets!$F$2:$F$6919,A8),0) -> 14.207143 | G8: =IFERROR(COUNTIFS(Tickets!$F$2:$F$6919,A8,Tickets!$N$2:$N$6919,"Yes")/C8,0) -> 0.92893401 | H8: =IFERROR(COUNTIFS(Tickets!$F$2:$F$6919,A8,Tickets!$O$2:$O$6919,"Yes")/(COUNTIFS(Tickets!$F$2:$F$6919,A8,Tickets!$O$2:$O$6919,"Yes")+COUNTIFS(Tickets!$F$2:$F$6919,A8,Tickets!$O$2:$O$6919,"No")),0) -> 0.82692308 | I8: =IFERROR(AVERAGEIFS(Tickets!$J$2:$J$6919,Tickets!$F$2:$F$6919,A8),0) -> 4.3152174 | J8: =IFERROR(COUNTIFS(Tickets!$F$2:$F$6919,A8,Tickets!$K$2:$K$6919,"Yes")/D8,0) -> 0.082417582 | K8: =(H8<Assumptions!$B$8)+(I8<Assumptions!$B$9)+(J8>Assumptions!$B$10) -> 2 | L8: =IF(K8>=3,"Coaching needed",IF(K8>=1,"Watch","On track")) -> Watch | M8: =RANK(H8,$H$2:$H$19)+COUNTIF($H$2:H8,H8)-1 -> 12
A9: AG08 | B9: Team Bravo | C9: =COUNTIFS(Tickets!$F$2:$F$6919,A9) -> 379 | D9: =COUNTIFS(Tickets!$F$2:$F$6919,A9,Tickets!$I$2:$I$6919,"<>Open") -> 343 | E9: =IFERROR(AVERAGEIFS(Tickets!$G$2:$G$6919,Tickets!$F$2:$F$6919,A9),0) -> 22.604222 | F9: =IFERROR(AVERAGEIFS(Tickets!$H$2:$H$6919,Tickets!$F$2:$F$6919,A9),0) -> 11.949854 | G9: =IFERROR(COUNTIFS(Tickets!$F$2:$F$6919,A9,Tickets!$N$2:$N$6919,"Yes")/C9,0) -> 0.8707124 | H9: =IFERROR(COUNTIFS(Tickets!$F$2:$F$6919,A9,Tickets!$O$2:$O$6919,"Yes")/(COUNTIFS(Tickets!$F$2:$F$6919,A9,Tickets!$O$2:$O$6919,"Yes")+COUNTIFS(Tickets!$F$2:$F$6919,A9,Tickets!$O$2:$O$6919,"No")),0) -> 0.85714286 | I9: =IFERROR(AVERAGEIFS(Tickets!$J$2:$J$6919,Tickets!$F$2:$F$6919,A9),0) -> 4.4034091 | J9: =IFERROR(COUNTIFS(Tickets!$F$2:$F$6919,A9,Tickets!$K$2:$K$6919,"Yes")/D9,0) -> 0.049562682 | K9: =(H9<Assumptions!$B$8)+(I9<Assumptions!$B$9)+(J9>Assumptions!$B$10) -> 0 | L9: =IF(K9>=3,"Coaching needed",IF(K9>=1,"Watch","On track")) -> On track | M9: =RANK(H9,$H$2:$H$19)+COUNTIF($H$2:H9,H9)-1 -> 5
A10: AG09 | B10: Team Bravo | C10: =COUNTIFS(Tickets!$F$2:$F$6919,A10) -> 381 | D10: =COUNTIFS(Tickets!$F$2:$F$6919,A10,Tickets!$I$2:$I$6919,"<>Open") -> 352 | E10: =IFERROR(AVERAGEIFS(Tickets!$G$2:$G$6919,Tickets!$F$2:$F$6919,A10),0) -> 21.144357 | F10: =IFERROR(AVERAGEIFS(Tickets!$H$2:$H$6919,Tickets!$F$2:$F$6919,A10),0) -> 12.740909 | G10: =IFERROR(COUNTIFS(Tickets!$F$2:$F$6919,A10,Tickets!$N$2:$N$6919,"Yes")/C10,0) -> 0.91076115 | H10: =IFERROR(COUNTIFS(Tickets!$F$2:$F$6919,A10,Tickets!$O$2:$O$6919,"Yes")/(COUNTIFS(Tickets!$F$2:$F$6919,A10,Tickets!$O$2:$O$6919,"Yes")+COUNTIFS(Tickets!$F$2:$F$6919,A10,Tickets!$O$2:$O$6919,"No")),0) -> 0.84943182 | I10: =IFERROR(AVERAGEIFS(Tickets!$J$2:$J$6919,Tickets!$F$2:$F$6919,A10),0) -> 4.3399015 | J10: =IFERROR(COUNTIFS(Tickets!$F$2:$F$6919,A10,Tickets!$K$2:$K$6919,"Yes")/D10,0) -> 0.071022727 | K10: =(H10<Assumptions!$B$8)+(I10<Assumptions!$B$9)+(J10>Assumptions!$B$10) -> 1 | L10: =IF(K10>=3,"Coaching needed",IF(K10>=1,"Watch","On track")) -> Watch | M10: =RANK(H10,$H$2:$H$19)+COUNTIF($H$2:H10,H10)-1 -> 7
A11: AG10 | B11: Team Bravo | C11: =COUNTIFS(Tickets!$F$2:$F$6919,A11) -> 411 | D11: =COUNTIFS(Tickets!$F$2:$F$6919,A11,Tickets!$I$2:$I$6919,"<>Open") -> 368 | E11: =IFERROR(AVERAGEIFS(Tickets!$G$2:$G$6919,Tickets!$F$2:$F$6919,A11),0) -> 50.729927 | F11: =IFERROR(AVERAGEIFS(Tickets!$H$2:$H$6919,Tickets!$F$2:$F$6919,A11),0) -> 23.680435 | G11: =IFERROR(COUNTIFS(Tickets!$F$2:$F$6919,A11,Tickets!$N$2:$N$6919,"Yes")/C11,0) -> 0.83454988 | H11: =IFERROR(COUNTIFS(Tickets!$F$2:$F$6919,A11,Tickets!$O$2:$O$6919,"Yes")/(COUNTIFS(Tickets!$F$2:$F$6919,A11,Tickets!$O$2:$O$6919,"Yes")+COUNTIFS(Tickets!$F$2:$F$6919,A11,Tickets!$O$2:$O$6919,"No")),0) -> 0.73369565 | I11: =IFERROR(AVERAGEIFS(Tickets!$J$2:$J$6919,Tickets!$F$2:$F$6919,A11),0) -> 3.735 | J11: =IFERROR(COUNTIFS(Tickets!$F$2:$F$6919,A11,Tickets!$K$2:$K$6919,"Yes")/D11,0) -> 0.125 | K11: =(H11<Assumptions!$B$8)+(I11<Assumptions!$B$9)+(J11>Assumptions!$B$10) -> 3 | L11: =IF(K11>=3,"Coaching needed",IF(K11>=1,"Watch","On track")) -> Coaching needed | M11: =RANK(H11,$H$2:$H$19)+COUNTIF($H$2:H11,H11)-1 -> 15
A12: AG11 | B12: Team Bravo | C12: =COUNTIFS(Tickets!$F$2:$F$6919,A12) -> 369 | D12: =COUNTIFS(Tickets!$F$2:$F$6919,A12,Tickets!$I$2:$I$6919,"<>Open") -> 343 | E12: =IFERROR(AVERAGEIFS(Tickets!$G$2:$G$6919,Tickets!$F$2:$F$6919,A12),0) -> 21.663957 | F12: =IFERROR(AVERAGEIFS(Tickets!$H$2:$H$6919,Tickets!$F$2:$F$6919,A12),0) -> 12.177843 | G12: =IFERROR(COUNTIFS(Tickets!$F$2:$F$6919,A12,Tickets!$N$2:$N$6919,"Yes")/C12,0) -> 0.90514905 | H12: =IFERROR(COUNTIFS(Tickets!$F$2:$F$6919,A12,Tickets!$O$2:$O$6919,"Yes")/(COUNTIFS(Tickets!$F$2:$F$6919,A12,Tickets!$O$2:$O$6919,"Yes")+COUNTIFS(Tickets!$F$2:$F$6919,A12,Tickets!$O$2:$O$6919,"No")),0) -> 0.90962099 | I12: =IFERROR(AVERAGEIFS(Tickets!$J$2:$J$6919,Tickets!$F$2:$F$6919,A12),0) -> 4.5139665 | J12: =IFERROR(COUNTIFS(Tickets!$F$2:$F$6919,A12,Tickets!$K$2:$K$6919,"Yes")/D12,0) -> 0.043731778 | K12: =(H12<Assumptions!$B$8)+(I12<Assumptions!$B$9)+(J12>Assumptions!$B$10) -> 0 | L12: =IF(K12>=3,"Coaching needed",IF(K12>=1,"Watch","On track")) -> On track | M12: =RANK(H12,$H$2:$H$19)+COUNTIF($H$2:H12,H12)-1 -> 1
A13: AG12 | B13: Team Bravo | C13: =COUNTIFS(Tickets!$F$2:$F$6919,A13) -> 396 | D13: =COUNTIFS(Tickets!$F$2:$F$6919,A13,Tickets!$I$2:$I$6919,"<>Open") -> 346 | E13: =IFERROR(AVERAGEIFS(Tickets!$G$2:$G$6919,Tickets!$F$2:$F$6919,A13),0) -> 23.199495 | F13: =IFERROR(AVERAGEIFS(Tickets!$H$2:$H$6919,Tickets!$F$2:$F$6919,A13),0) -> 13.74422 | G13: =IFERROR(COUNTIFS(Tickets!$F$2:$F$6919,A13,Tickets!$N$2:$N$6919,"Yes")/C13,0) -> 0.90151515 | H13: =IFERROR(COUNTIFS(Tickets!$F$2:$F$6919,A13,Tickets!$O$2:$O$6919,"Yes")/(COUNTIFS(Tickets!$F$2:$F$6919,A13,Tickets!$O$2:$O$6919,"Yes")+COUNTIFS(Tickets!$F$2:$F$6919,A13,Tickets!$O$2:$O$6919,"No")),0) -> 0.84971098 | I13: =IFERROR(AVERAGEIFS(Tickets!$J$2:$J$6919,Tickets!$F$2:$F$6919,A13),0) -> 4.3701923 | J13: =IFERROR(COUNTIFS(Tickets!$F$2:$F$6919,A13,Tickets!$K$2:$K$6919,"Yes")/D13,0) -> 0.052023121 | K13: =(H13<Assumptions!$B$8)+(I13<Assumptions!$B$9)+(J13>Assumptions!$B$10) -> 1 | L13: =IF(K13>=3,"Coaching needed",IF(K13>=1,"Watch","On track")) -> Watch | M13: =RANK(H13,$H$2:$H$19)+COUNTIF($H$2:H13,H13)-1 -> 6
... A19: AG18 | B19: Team Charlie | C19: =COUNTIFS(Tickets!$F$2:$F$6919,A19) -> 378 | D19: =COUNTIFS(Tickets!$F$2:$F$6919,A19,Tickets!$I$2:$I$6919,"<>Open") -> 338 | E19: =IFERROR(AVERAGEIFS(Tickets!$G$2:$G$6919,Tickets!$F$2:$F$6919,A19),0) -> 31.179894 | F19: =IFERROR(AVERAGEIFS(Tickets!$H$2:$H$6919,Tickets!$F$2:$F$6919,A19),0) -> 17.176036 | G19: =IFERROR(COUNTIFS(Tickets!$F$2:$F$6919,A19,Tickets!$N$2:$N$6919,"Yes")/C19,0) -> 0.85978836 | H19: =IFERROR(COUNTIFS(Tickets!$F$2:$F$6919,A19,Tickets!$O$2:$O$6919,"Yes")/(COUNTIFS(Tickets!$F$2:$F$6919,A19,Tickets!$O$2:$O$6919,"Yes")+COUNTIFS(Tickets!$F$2:$F$6919,A19,Tickets!$O$2:$O$6919,"No")),0) -> 0.78698225 | I19: =IFERROR(AVERAGEIFS(Tickets!$J$2:$J$6919,Tickets!$F$2:$F$6919,A19),0) -> 3.9521277 | J19: =IFERROR(COUNTIFS(Tickets!$F$2:$F$6919,A19,Tickets!$K$2:$K$6919,"Yes")/D19,0) -> 0.091715976 | K19: =(H19<Assumptions!$B$8)+(I19<Assumptions!$B$9)+(J19>Assumptions!$B$10) -> 3 | L19: =IF(K19>=3,"Coaching needed",IF(K19>=1,"Watch","On track")) -> Coaching needed | M19: =RANK(H19,$H$2:$H$19)+COUNTIF($H$2:H19,H19)-1 -> 13

Sheet Tickets
A1: TicketID | B1: Created Date | C1: Channel | D1: Category | E1: Priority | F1: AgentID | G1: First Response (min) | H1: Resolution Time (hrs) | I1: Status | J1: CSAT (1-5) | K1: Reopened | L1: Month | M1: Weekday (1=Mon) | N1: Response SLA Met | O1: Resolution SLA Met
A2: TK-00001 | B2: 46204 | C2: Email | D2: Billing | E2: Medium | F2: AG04 | G2: 42 | H2: 5.6 | I2: Resolved | K2: No | L2: =DATE(YEAR(B2),MONTH(B2),1) -> 46204 | M2: =WEEKDAY(B2,2) -> 3 | N2: =IF(G2<=INDEX(Assumptions!$B$15:$B$18,MATCH(E2,Assumptions!$A$15:$A$18,0)),"Yes","No") -> Yes | O2: =IF(H2="","Open",IF(H2<=INDEX(Assumptions!$C$15:$C$18,MATCH(E2,Assumptions!$A$15:$A$18,0)),"Yes","No")) -> Yes
A3: TK-00002 | B3: 46204 | C3: Email | D3: Delivery | E3: High | F3: AG06 | G3: 113 | H3: 9.3 | I3: Resolved | K3: No | L3: =DATE(YEAR(B3),MONTH(B3),1) -> 46204 | M3: =WEEKDAY(B3,2) -> 3 | N3: =IF(G3<=INDEX(Assumptions!$B$15:$B$18,MATCH(E3,Assumptions!$A$15:$A$18,0)),"Yes","No") -> No | O3: =IF(H3="","Open",IF(H3<=INDEX(Assumptions!$C$15:$C$18,MATCH(E3,Assumptions!$A$15:$A$18,0)),"Yes","No")) -> No
A4: TK-00003 | B4: 46204 | C4: Phone | D4: Refund | E4: Medium | F4: AG03 | G4: 10 | H4: 36.6 | I4: Resolved | K4: Yes | L4: =DATE(YEAR(B4),MONTH(B4),1) -> 46204 | M4: =WEEKDAY(B4,2) -> 3 | N4: =IF(G4<=INDEX(Assumptions!$B$15:$B$18,MATCH(E4,Assumptions!$A$15:$A$18,0)),"Yes","No") -> Yes | O4: =IF(H4="","Open",IF(H4<=INDEX(Assumptions!$C$15:$C$18,MATCH(E4,Assumptions!$A$15:$A$18,0)),"Yes","No")) -> No
A5: TK-00004 | B5: 46204 | C5: Chat | D5: Technical | E5: Medium | F5: AG09 | G5: 5 | H5: 17.9 | I5: Resolved | J5: 5 | K5: No | L5: =DATE(YEAR(B5),MONTH(B5),1) -> 46204 | M5: =WEEKDAY(B5,2) -> 3 | N5: =IF(G5<=INDEX(Assumptions!$B$15:$B$18,MATCH(E5,Assumptions!$A$15:$A$18,0)),"Yes","No") -> Yes | O5: =IF(H5="","Open",IF(H5<=INDEX(Assumptions!$C$15:$C$18,MATCH(E5,Assumptions!$A$15:$A$18,0)),"Yes","No")) -> Yes
A6: TK-00005 | B6: 46204 | C6: WhatsApp | D6: Account | E6: Medium | F6: AG18 | G6: 6 | H6: 3.2 | I6: Resolved | K6: No | L6: =DATE(YEAR(B6),MONTH(B6),1) -> 46204 | M6: =WEEKDAY(B6,2) -> 3 | N6: =IF(G6<=INDEX(Assumptions!$B$15:$B$18,MATCH(E6,Assumptions!$A$15:$A$18,0)),"Yes","No") -> Yes | O6: =IF(H6="","Open",IF(H6<=INDEX(Assumptions!$C$15:$C$18,MATCH(E6,Assumptions!$A$15:$A$18,0)),"Yes","No")) -> Yes
A7: TK-00006 | B7: 46204 | C7: Email | D7: Delivery | E7: Medium | F7: AG06 | G7: 181 | H7: 34.7 | I7: Resolved | K7: Yes | L7: =DATE(YEAR(B7),MONTH(B7),1) -> 46204 | M7: =WEEKDAY(B7,2) -> 3 | N7: =IF(G7<=INDEX(Assumptions!$B$15:$B$18,MATCH(E7,Assumptions!$A$15:$A$18,0)),"Yes","No") -> No | O7: =IF(H7="","Open",IF(H7<=INDEX(Assumptions!$C$15:$C$18,MATCH(E7,Assumptions!$A$15:$A$18,0)),"Yes","No")) -> No
A8: TK-00007 | B8: 46204 | C8: Email | D8: Billing | E8: Low | F8: AG11 | G8: 86 | I8: Open | K8: No | L8: =DATE(YEAR(B8),MONTH(B8),1) -> 46204 | M8: =WEEKDAY(B8,2) -> 3 | N8: =IF(G8<=INDEX(Assumptions!$B$15:$B$18,MATCH(E8,Assumptions!$A$15:$A$18,0)),"Yes","No") -> Yes | O8: =IF(H8="","Open",IF(H8<=INDEX(Assumptions!$C$15:$C$18,MATCH(E8,Assumptions!$A$15:$A$18,0)),"Yes","No")) -> Open
A9: TK-00008 | B9: 46204 | C9: WhatsApp | D9: Technical | E9: Medium | F9: AG05 | G9: 6 | H9: 14.3 | I9: Resolved | J9: 5 | K9: No | L9: =DATE(YEAR(B9),MONTH(B9),1) -> 46204 | M9: =WEEKDAY(B9,2) -> 3 | N9: =IF(G9<=INDEX(Assumptions!$B$15:$B$18,MATCH(E9,Assumptions!$A$15:$A$18,0)),"Yes","No") -> Yes | O9: =IF(H9="","Open",IF(H9<=INDEX(Assumptions!$C$15:$C$18,MATCH(E9,Assumptions!$A$15:$A$18,0)),"Yes","No")) -> Yes
A10: TK-00009 | B10: 46204 | C10: Chat | D10: Billing | E10: Medium | F10: AG13 | G10: 5 | H10: 3.4 | I10: Resolved | J10: 5 | K10: No | L10: =DATE(YEAR(B10),MONTH(B10),1) -> 46204 | M10: =WEEKDAY(B10,2) -> 3 | N10: =IF(G10<=INDEX(Assumptions!$B$15:$B$18,MATCH(E10,Assumptions!$A$15:$A$18,0)),"Yes","No") -> Yes | O10: =IF(H10="","Open",IF(H10<=INDEX(Assumptions!$C$15:$C$18,MATCH(E10,Assumptions!$A$15:$A$18,0)),"Yes","No")) -> Yes
A11: TK-00010 | B11: 46204 | C11: WhatsApp | D11: Billing | E11: Medium | F11: AG02 | G11: 14 | H11: 14.1 | I11: Resolved | K11: No | L11: =DATE(YEAR(B11),MONTH(B11),1) -> 46204 | M11: =WEEKDAY(B11,2) -> 3 | N11: =IF(G11<=INDEX(Assumptions!$B$15:$B$18,MATCH(E11,Assumptions!$A$15:$A$18,0)),"Yes","No") -> Yes | O11: =IF(H11="","Open",IF(H11<=INDEX(Assumptions!$C$15:$C$18,MATCH(E11,Assumptions!$A$15:$A$18,0)),"Yes","No")) -> Yes
A12: TK-00011 | B12: 46204 | C12: Chat | D12: Billing | E12: High | F12: AG11 | G12: 2 | H12: 2.2 | I12: Resolved | K12: No | L12: =DATE(YEAR(B12),MONTH(B12),1) -> 46204 | M12: =WEEKDAY(B12,2) -> 3 | N12: =IF(G12<=INDEX(Assumptions!$B$15:$B$18,MATCH(E12,Assumptions!$A$15:$A$18,0)),"Yes","No") -> Yes | O12: =IF(H12="","Open",IF(H12<=INDEX(Assumptions!$C$15:$C$18,MATCH(E12,Assumptions!$A$15:$A$18,0)),"Yes","No")) -> Yes
A13: TK-00012 | B13: 46204 | C13: WhatsApp | D13: Billing | E13: High | F13: AG06 | G13: 12 | H13: 0.8 | I13: Resolved | J13: 4 | K13: No | L13: =DATE(YEAR(B13),MONTH(B13),1) -> 46204 | M13: =WEEKDAY(B13,2) -> 3 | N13: =IF(G13<=INDEX(Assumptions!$B$15:$B$18,MATCH(E13,Assumptions!$A$15:$A$18,0)),"Yes","No") -> Yes | O13: =IF(H13="","Open",IF(H13<=INDEX(Assumptions!$C$15:$C$18,MATCH(E13,Assumptions!$A$15:$A$18,0)),"Yes","No")) -> Yes
A14: TK-00013 | B14: 46204 | C14: Email | D14: Delivery | E14: Low | F14: AG02 | G14: 181 | H14: 47 | I14: Resolved | J14: 5 | K14: No | L14: =DATE(YEAR(B14),MONTH(B14),1) -> 46204 | M14: =WEEKDAY(B14,2) -> 3 | N14: =IF(G14<=INDEX(Assumptions!$B$15:$B$18,MATCH(E14,Assumptions!$A$15:$A$18,0)),"Yes","No") -> Yes | O14: =IF(H14="","Open",IF(H14<=INDEX(Assumptions!$C$15:$C$18,MATCH(E14,Assumptions!$A$15:$A$18,0)),"Yes","No")) -> Yes
A15: TK-00014 | B15: 46204 | C15: WhatsApp | D15: Delivery | E15: Urgent | F15: AG09 | G15: 7 | H15: 5.2 | I15: Resolved | J15: 4 | K15: No | L15: =DATE(YEAR(B15),MONTH(B15),1) -> 46204 | M15: =WEEKDAY(B15,2) -> 3 | N15: =IF(G15<=INDEX(Assumptions!$B$15:$B$18,MATCH(E15,Assumptions!$A$15:$A$18,0)),"Yes","No") -> Yes | O15: =IF(H15="","Open",IF(H15<=INDEX(Assumptions!$C$15:$C$18,MATCH(E15,Assumptions!$A$15:$A$18,0)),"Yes","No")) -> No
A16: TK-00015 | B16: 46204 | C16: WhatsApp | D16: Technical | E16: Medium | F16: AG17 | G16: 11 | H16: 2.7 | I16: Resolved | J16: 5 | K16: No | L16: =DATE(YEAR(B16),MONTH(B16),1) -> 46204 | M16: =WEEKDAY(B16,2) -> 3 | N16: =IF(G16<=INDEX(Assumptions!$B$15:$B$18,MATCH(E16,Assumptions!$A$15:$A$18,0)),"Yes","No") -> Yes | O16: =IF(H16="","Open",IF(H16<=INDEX(Assumptions!$C$15:$C$18,MATCH(E16,Assumptions!$A$15:$A$18,0)),"Yes","No")) -> Yes
A17: TK-00016 | B17: 46204 | C17: Email | D17: Account | E17: High | F17: AG16 | G17: 79 | H17: 2.4 | I17: Resolved | J17: 5 | K17: No | L17: =DATE(YEAR(B17),MONTH(B17),1) -> 46204 | M17: =WEEKDAY(B17,2) -> 3 | N17: =IF(G17<=INDEX(Assumptions!$B$15:$B$18,MATCH(E17,Assumptions!$A$15:$A$18,0)),"Yes","No") -> No | O17: =IF(H17="","Open",IF(H17<=INDEX(Assumptions!$C$15:$C$18,MATCH(E17,Assumptions!$A$15:$A$18,0)),"Yes","No")) -> Yes
A18: TK-00017 | B18: 46204 | C18: Phone | D18: Billing | E18: Medium | F18: AG09 | G18: 1 | H18: 6.8 | I18: Resolved | J18: 5 | K18: No | L18: =DATE(YEAR(B18),MONTH(B18),1) -> 46204 | M18: =WEEKDAY(B18,2) -> 3 | N18: =IF(G18<=INDEX(Assumptions!$B$15:$B$18,MATCH(E18,Assumptions!$A$15:$A$18,0)),"Yes","No") -> Yes | O18: =IF(H18="","Open",IF(H18<=INDEX(Assumptions!$C$15:$C$18,MATCH(E18,Assumptions!$A$15:$A$18,0)),"Yes","No")) -> Yes
A19: TK-00018 | B19: 46204 | C19: Email | D19: Billing | E19: Low | F19: AG16 | G19: 113 | H19: 11.3 | I19: Escalated | K19: No | L19: =DATE(YEAR(B19),MONTH(B19),1) -> 46204 | M19: =WEEKDAY(B19,2) -> 3 | N19: =IF(G19<=INDEX(Assumptions!$B$15:$B$18,MATCH(E19,Assumptions!$A$15:$A$18,0)),"Yes","No") -> Yes | O19: =IF(H19="","Open",IF(H19<=INDEX(Assumptions!$C$15:$C$18,MATCH(E19,Assumptions!$A$15:$A$18,0)),"Yes","No")) -> Yes
A20: TK-00019 | B20: 46204 | C20: WhatsApp | D20: Technical | E20: Medium | F20: AG06 | G20: 5 | H20: 4.5 | I20: Resolved | J20: 5 | K20: No | L20: =DATE(YEAR(B20),MONTH(B20),1) -> 46204 | M20: =WEEKDAY(B20,2) -> 3 | N20: =IF(G20<=INDEX(Assumptions!$B$15:$B$18,MATCH(E20,Assumptions!$A$15:$A$18,0)),"Yes","No") -> Yes | O20: =IF(H20="","Open",IF(H20<=INDEX(Assumptions!$C$15:$C$18,MATCH(E20,Assumptions!$A$15:$A$18,0)),"Yes","No")) -> Yes
A21: TK-00020 | B21: 46204 | C21: Chat | D21: Technical | E21: High | F21: AG12 | G21: 1 | H21: 5.1 | I21: Resolved | J21: 5 | K21: No | L21: =DATE(YEAR(B21),MONTH(B21),1) -> 46204 | M21: =WEEKDAY(B21,2) -> 3 | N21: =IF(G21<=INDEX(Assumptions!$B$15:$B$18,MATCH(E21,Assumptions!$A$15:$A$18,0)),"Yes","No") -> Yes | O21: =IF(H21="","Open",IF(H21<=INDEX(Assumptions!$C$15:$C$18,MATCH(E21,Assumptions!$A$15:$A$18,0)),"Yes","No")) -> Yes
A22: TK-00021 | B22: 46204 | C22: Phone | D22: Delivery | E22: Medium | F22: AG07 | G22: 4 | H22: 19.6 | I22: Resolved | K22: No | L22: =DATE(YEAR(B22),MONTH(B22),1) -> 46204 | M22: =WEEKDAY(B22,2) -> 3 | N22: =IF(G22<=INDEX(Assumptions!$B$15:$B$18,MATCH(E22,Assumptions!$A$15:$A$18,0)),"Yes","No") -> Yes | O22: =IF(H22="","Open",IF(H22<=INDEX(Assumptions!$C$15:$C$18,MATCH(E22,Assumptions!$A$15:$A$18,0)),"Yes","No")) -> Yes
A23: TK-00022 | B23: 46204 | C23: Email | D23: Refund | E23: Low | F23: AG07 | G23: 211 | H23: 12.5 | I23: Resolved | J23: 4 | K23: No | L23: =DATE(YEAR(B23),MONTH(B23),1) -> 46204 | M23: =WEEKDAY(B23,2) -> 3 | N23: =IF(G23<=INDEX(Assumptions!$B$15:$B$18,MATCH(E23,Assumptions!$A$15:$A$18,0)),"Yes","No") -> Yes | O23: =IF(H23="","Open",IF(H23<=INDEX(Assumptions!$C$15:$C$18,MATCH(E23,Assumptions!$A$15:$A$18,0)),"Yes","No")) -> Yes
A24: TK-00023 | B24: 46204 | C24: Email | D24: Account | E24: High | F24: AG04 | G24: 146 | H24: 6.2 | I24: Resolved | K24: No | L24: =DATE(YEAR(B24),MONTH(B24),1) -> 46204 | M24: =WEEKDAY(B24,2) -> 3 | N24: =IF(G24<=INDEX(Assumptions!$B$15:$B$18,MATCH(E24,Assumptions!$A$15:$A$18,0)),"Yes","No") -> No | O24: =IF(H24="","Open",IF(H24<=INDEX(Assumptions!$C$15:$C$18,MATCH(E24,Assumptions!$A$15:$A$18,0)),"Yes","No")) -> Yes
A25: TK-00024 | B25: 46204 | C25: WhatsApp | D25: Account | E25: Medium | F25: AG16 | G25: 45 | H25: 1.6 | I25: Resolved | J25: 4 | K25: No | L25: =DATE(YEAR(B25),MONTH(B25),1) -> 46204 | M25: =WEEKDAY(B25,2) -> 3 | N25: =IF(G25<=INDEX(Assumptions!$B$15:$B$18,MATCH(E25,Assumptions!$A$15:$A$18,0)),"Yes","No") -> Yes | O25: =IF(H25="","Open",IF(H25<=INDEX(Assumptions!$C$15:$C$18,MATCH(E25,Assumptions!$A$15:$A$18,0)),"Yes","No")) -> Yes
A26: TK-00025 | B26: 46204 | C26: Phone | D26: Technical | E26: Low | F26: AG11 | G26: 3 | H26: 8.5 | I26: Resolved | J26: 3 | K26: No | L26: =DATE(YEAR(B26),MONTH(B26),1) -> 46204 | M26: =WEEKDAY(B26,2) -> 3 | N26: =IF(G26<=INDEX(Assumptions!$B$15:$B$18,MATCH(E26,Assumptions!$A$15:$A$18,0)),"Yes","No") -> Yes | O26: =IF(H26="","Open",IF(H26<=INDEX(Assumptions!$C$15:$C$18,MATCH(E26,Assumptions!$A$15:$A$18,0)),"Yes","No")) -> Yes
A27: TK-00026 | B27: 46204 | C27: Phone | D27: Account | E27: Medium | F27: AG06 | G27: 1 | H27: 2.8 | I27: Resolved | K27: No | L27: =DATE(YEAR(B27),MONTH(B27),1) -> 46204 | M27: =WEEKDAY(B27,2) -> 3 | N27: =IF(G27<=INDEX(Assumptions!$B$15:$B$18,MATCH(E27,Assumptions!$A$15:$A$18,0)),"Yes","No") -> Yes | O27: =IF(H27="","Open",IF(H27<=INDEX(Assumptions!$C$15:$C$18,MATCH(E27,Assumptions!$A$15:$A$18,0)),"Yes","No")) -> Yes
A28: TK-00027 | B28: 46204 | C28: WhatsApp | D28: Account | E28: Medium | F28: AG14 | G28: 48 | H28: 2 | I28: Resolved | K28: No | L28: =DATE(YEAR(B28),MONTH(B28),1) -> 46204 | M28: =WEEKDAY(B28,2) -> 3 | N28: =IF(G28<=INDEX(Assumptions!$B$15:$B$18,MATCH(E28,Assumptions!$A$15:$A$18,0)),"Yes","No") -> Yes | O28: =IF(H28="","Open",IF(H28<=INDEX(Assumptions!$C$15:$C$18,MATCH(E28,Assumptions!$A$15:$A$18,0)),"Yes","No")) -> Yes
A29: TK-00028 | B29: 46204 | C29: Chat | D29: Account | E29: Low | F29: AG14 | G29: 1 | H29: 17.1 | I29: Resolved | K29: No | L29: =DATE(YEAR(B29),MONTH(B29),1) -> 46204 | M29: =WEEKDAY(B29,2) -> 3 | N29: =IF(G29<=INDEX(Assumptions!$B$15:$B$18,MATCH(E29,Assumptions!$A$15:$A$18,0)),"Yes","No") -> Yes | O29: =IF(H29="","Open",IF(H29<=INDEX(Assumptions!$C$15:$C$18,MATCH(E29,Assumptions!$A$15:$A$18,0)),"Yes","No")) -> Yes
A30: TK-00029 | B30: 46204 | C30: Email | D30: Billing | E30: High | F30: AG17 | G30: 60 | H30: 6.5 | I30: Resolved | J30: 4 | K30: No | L30: =DATE(YEAR(B30),MONTH(B30),1) -> 46204 | M30: =WEEKDAY(B30,2) -> 3 | N30: =IF(G30<=INDEX(Assumptions!$B$15:$B$18,MATCH(E30,Assumptions!$A$15:$A$18,0)),"Yes","No") -> No | O30: =IF(H30="","Open",IF(H30<=INDEX(Assumptions!$C$15:$C$18,MATCH(E30,Assumptions!$A$15:$A$18,0)),"Yes","No")) -> Yes
A31: TK-00030 | B31: 46204 | C31: Chat | D31: Billing | E31: High | F31: AG17 | G31: 5 | H31: 7.9 | I31: Resolved | K31: No | L31: =DATE(YEAR(B31),MONTH(B31),1) -> 46204 | M31: =WEEKDAY(B31,2) -> 3 | N31: =IF(G31<=INDEX(Assumptions!$B$15:$B$18,MATCH(E31,Assumptions!$A$15:$A$18,0)),"Yes","No") -> Yes | O31: =IF(H31="","Open",IF(H31<=INDEX(Assumptions!$C$15:$C$18,MATCH(E31,Assumptions!$A$15:$A$18,0)),"Yes","No")) -> Yes
A32: TK-00031 | B32: 46204 | C32: WhatsApp | D32: Account | E32: Medium | F32: AG02 | G32: 3 | H32: 4.2 | I32: Resolved | J32: 4 | K32: No | L32: =DATE(YEAR(B32),MONTH(B32),1) -> 46204 | M32: =WEEKDAY(B32,2) -> 3 | N32: =IF(G32<=INDEX(Assumptions!$B$15:$B$18,MATCH(E32,Assumptions!$A$15:$A$18,0)),"Yes","No") -> Yes | O32: =IF(H32="","Open",IF(H32<=INDEX(Assumptions!$C$15:$C$18,MATCH(E32,Assumptions!$A$15:$A$18,0)),"Yes","No")) -> Yes
A33: TK-00032 | B33: 46204 | C33: WhatsApp | D33: Delivery | E33: High | F33: AG10 | G33: 7 | H33: 4.9 | I33: Resolved | J33: 4 | K33: No | L33: =DATE(YEAR(B33),MONTH(B33),1) -> 46204 | M33: =WEEKDAY(B33,2) -> 3 | N33: =IF(G33<=INDEX(Assumptions!$B$15:$B$18,MATCH(E33,Assumptions!$A$15:$A$18,0)),"Yes","No") -> Yes | O33: =IF(H33="","Open",IF(H33<=INDEX(Assumptions!$C$15:$C$18,MATCH(E33,Assumptions!$A$15:$A$18,0)),"Yes","No")) -> Yes
A34: TK-00033 | B34: 46204 | C34: WhatsApp | D34: Account | E34: Low | F34: AG12 | G34: 12 | H34: 19.3 | I34: Resolved | J34: 5 | K34: Yes | L34: =DATE(YEAR(B34),MONTH(B34),1) -> 46204 | M34: =WEEKDAY(B34,2) -> 3 | N34: =IF(G34<=INDEX(Assumptions!$B$15:$B$18,MATCH(E34,Assumptions!$A$15:$A$18,0)),"Yes","No") -> Yes | O34: =IF(H34="","Open",IF(H34<=INDEX(Assumptions!$C$15:$C$18,MATCH(E34,Assumptions!$A$15:$A$18,0)),"Yes","No")) -> Yes
A35: TK-00034 | B35: 46204 | C35: Phone | D35: Delivery | E35: Low | F35: AG02 | G35: 6 | H35: 12 | I35: Resolved | J35: 5 | K35: No | L35: =DATE(YEAR(B35),MONTH(B35),1) -> 46204 | M35: =WEEKDAY(B35,2) -> 3 | N35: =IF(G35<=INDEX(Assumptions!$B$15:$B$18,MATCH(E35,Assumptions!$A$15:$A$18,0)),"Yes","No") -> Yes | O35: =IF(H35="","Open",IF(H35<=INDEX(Assumptions!$C$15:$C$18,MATCH(E35,Assumptions!$A$15:$A$18,0)),"Yes","No")) -> Yes
A36: TK-00035 | B36: 46204 | C36: Email | D36: Delivery | E36: Medium | F36: AG02 | G36: 40 | H36: 26.2 | I36: Resolved | J36: 4 | K36: No | L36: =DATE(YEAR(B36),MONTH(B36),1) -> 46204 | M36: =WEEKDAY(B36,2) -> 3 | N36: =IF(G36<=INDEX(Assumptions!$B$15:$B$18,MATCH(E36,Assumptions!$A$15:$A$18,0)),"Yes","No") -> Yes | O36: =IF(H36="","Open",IF(H36<=INDEX(Assumptions!$C$15:$C$18,MATCH(E36,Assumptions!$A$15:$A$18,0)),"Yes","No")) -> No
A37: TK-00036 | B37: 46204 | C37: WhatsApp | D37: Billing | E37: Low | F37: AG06 | G37: 3 | H37: 14 | I37: Resolved | K37: Yes | L37: =DATE(YEAR(B37),MONTH(B37),1) -> 46204 | M37: =WEEKDAY(B37,2) -> 3 | N37: =IF(G37<=INDEX(Assumptions!$B$15:$B$18,MATCH(E37,Assumptions!$A$15:$A$18,0)),"Yes","No") -> Yes | O37: =IF(H37="","Open",IF(H37<=INDEX(Assumptions!$C$15:$C$18,MATCH(E37,Assumptions!$A$15:$A$18,0)),"Yes","No")) -> Yes
A38: TK-00037 | B38: 46204 | C38: Email | D38: Delivery | E38: Medium | F38: AG08 | G38: 37 | H38: 25.7 | I38: Resolved | K38: No | L38: =DATE(YEAR(B38),MONTH(B38),1) -> 46204 | M38: =WEEKDAY(B38,2) -> 3 | N38: =IF(G38<=INDEX(Assumptions!$B$15:$B$18,MATCH(E38,Assumptions!$A$15:$A$18,0)),"Yes","No") -> Yes | O38: =IF(H38="","Open",IF(H38<=INDEX(Assumptions!$C$15:$C$18,MATCH(E38,Assumptions!$A$15:$A$18,0)),"Yes","No")) -> No
A39: TK-00038 | B39: 46204 | C39: Phone | D39: Delivery | E39: Medium | F39: AG04 | G39: 2 | H39: 27.2 | I39: Resolved | K39: No | L39: =DATE(YEAR(B39),MONTH(B39),1) -> 46204 | M39: =WEEKDAY(B39,2) -> 3 | N39: =IF(G39<=INDEX(Assumptions!$B$15:$B$18,MATCH(E39,Assumptions!$A$15:$A$18,0)),"Yes","No") -> Yes | O39: =IF(H39="","Open",IF(H39<=INDEX(Assumptions!$C$15:$C$18,MATCH(E39,Assumptions!$A$15:$A$18,0)),"Yes","No")) -> No
A40: TK-00039 | B40: 46204 | C40: Chat | D40: Billing | E40: High | F40: AG06 | G40: 5 | H40: 2.6 | I40: Resolved | J40: 5 | K40: No | L40: =DATE(YEAR(B40),MONTH(B40),1) -> 46204 | M40: =WEEKDAY(B40,2) -> 3 | N40: =IF(G40<=INDEX(Assumptions!$B$15:$B$18,MATCH(E40,Assumptions!$A$15:$A$18,0)),"Yes","No") -> Yes | O40: =IF(H40="","Open",IF(H40<=INDEX(Assumptions!$C$15:$C$18,MATCH(E40,Assumptions!$A$15:$A$18,0)),"Yes","No")) -> Yes
A41: TK-00040 | B41: 46204 | C41: Email | D41: Technical | E41: High | F41: AG14 | G41: 79 | H41: 6.4 | I41: Resolved | J41: 4 | K41: No | L41: =DATE(YEAR(B41),MONTH(B41),1) -> 46204 | M41: =WEEKDAY(B41,2) -> 3 | N41: =IF(G41<=INDEX(Assumptions!$B$15:$B$18,MATCH(E41,Assumptions!$A$15:$A$18,0)),"Yes","No") -> No | O41: =IF(H41="","Open",IF(H41<=INDEX(Assumptions!$C$15:$C$18,MATCH(E41,Assumptions!$A$15:$A$18,0)),"Yes","No")) -> Yes
A42: TK-00041 | B42: 46204 | C42: WhatsApp | D42: Delivery | E42: Low | F42: AG17 | G42: 10 | H42: 9.3 | I42: Resolved | J42: 3 | K42: No | L42: =DATE(YEAR(B42),MONTH(B42),1) -> 46204 | M42: =WEEKDAY(B42,2) -> 3 | N42: =IF(G42<=INDEX(Assumptions!$B$15:$B$18,MATCH(E42,Assumptions!$A$15:$A$18,0)),"Yes","No") -> Yes | O42: =IF(H42="","Open",IF(H42<=INDEX(Assumptions!$C$15:$C$18,MATCH(E42,Assumptions!$A$15:$A$18,0)),"Yes","No")) -> Yes
A43: TK-00042 | B43: 46204 | C43: Email | D43: Technical | E43: Low | F43: AG05 | G43: 87 | H43: 2.7 | I43: Resolved | J43: 4 | K43: No | L43: =DATE(YEAR(B43),MONTH(B43),1) -> 46204 | M43: =WEEKDAY(B43,2) -> 3 | N43: =IF(G43<=INDEX(Assumptions!$B$15:$B$18,MATCH(E43,Assumptions!$A$15:$A$18,0)),"Yes","No") -> Yes | O43: =IF(H43="","Open",IF(H43<=INDEX(Assumptions!$C$15:$C$18,MATCH(E43,Assumptions!$A$15:$A$18,0)),"Yes","No")) -> Yes
A44: TK-00043 | B44: 46204 | C44: Email | D44: Technical | E44: Low | F44: AG11 | G44: 159 | H44: 24.7 | I44: Escalated | J44: 4 | K44: Yes | L44: =DATE(YEAR(B44),MONTH(B44),1) -> 46204 | M44: =WEEKDAY(B44,2) -> 3 | N44: =IF(G44<=INDEX(Assumptions!$B$15:$B$18,MATCH(E44,Assumptions!$A$15:$A$18,0)),"Yes","No") -> Yes | O44: =IF(H44="","Open",IF(H44<=INDEX(Assumptions!$C$15:$C$18,MATCH(E44,Assumptions!$A$15:$A$18,0)),"Yes","No")) -> Yes
A45: TK-00044 | B45: 46204 | C45: WhatsApp | D45: Technical | E45: Medium | F45: AG14 | G45: 4 | H45: 25.4 | I45: Resolved | K45: No | L45: =DATE(YEAR(B45),MONTH(B45),1) -> 46204 | M45: =WEEKDAY(B45,2) -> 3 | N45: =IF(G45<=INDEX(Assumptions!$B$15:$B$18,MATCH(E45,Assumptions!$A$15:$A$18,0)),"Yes","No") -> Yes | O45: =IF(H45="","Open",IF(H45<=INDEX(Assumptions!$C$15:$C$18,MATCH(E45,Assumptions!$A$15:$A$18,0)),"Yes","No")) -> No
A46: TK-00045 | B46: 46204 | C46: Phone | D46: Technical | E46: Low | F46: AG07 | G46: 1 | H46: 15 | I46: Resolved | K46: No | L46: =DATE(YEAR(B46),MONTH(B46),1) -> 46204 | M46: =WEEKDAY(B46,2) -> 3 | N46: =IF(G46<=INDEX(Assumptions!$B$15:$B$18,MATCH(E46,Assumptions!$A$15:$A$18,0)),"Yes","No") -> Yes | O46: =IF(H46="","Open",IF(H46<=INDEX(Assumptions!$C$15:$C$18,MATCH(E46,Assumptions!$A$15:$A$18,0)),"Yes","No")) -> Yes
A47: TK-00046 | B47: 46204 | C47: Chat | D47: Refund | E47: High | F47: AG04 | G47: 7 | H47: 8.9 | I47: Resolved | K47: Yes | L47: =DATE(YEAR(B47),MONTH(B47),1) -> 46204 | M47: =WEEKDAY(B47,2) -> 3 | N47: =IF(G47<=INDEX(Assumptions!$B$15:$B$18,MATCH(E47,Assumptions!$A$15:$A$18,0)),"Yes","No") -> Yes | O47: =IF(H47="","Open",IF(H47<=INDEX(Assumptions!$C$15:$C$18,MATCH(E47,Assumptions!$A$15:$A$18,0)),"Yes","No")) -> No
A48: TK-00047 | B48: 46204 | C48: Email | D48: Refund | E48: Low | F48: AG02 | G48: 124 | H48: 44.8 | I48: Resolved | K48: No | L48: =DATE(YEAR(B48),MONTH(B48),1) -> 46204 | M48: =WEEKDAY(B48,2) -> 3 | N48: =IF(G48<=INDEX(Assumptions!$B$15:$B$18,MATCH(E48,Assumptions!$A$15:$A$18,0)),"Yes","No") -> Yes | O48: =IF(H48="","Open",IF(H48<=INDEX(Assumptions!$C$15:$C$18,MATCH(E48,Assumptions!$A$15:$A$18,0)),"Yes","No")) -> Yes
A49: TK-00048 | B49: 46204 | C49: Phone | D49: Account | E49: Medium | F49: AG02 | G49: 1 | H49: 6.4 | I49: Resolved | K49: No | L49: =DATE(YEAR(B49),MONTH(B49),1) -> 46204 | M49: =WEEKDAY(B49,2) -> 3 | N49: =IF(G49<=INDEX(Assumptions!$B$15:$B$18,MATCH(E49,Assumptions!$A$15:$A$18,0)),"Yes","No") -> Yes | O49: =IF(H49="","Open",IF(H49<=INDEX(Assumptions!$C$15:$C$18,MATCH(E49,Assumptions!$A$15:$A$18,0)),"Yes","No")) -> Yes
A50: TK-00049 | B50: 46204 | C50: WhatsApp | D50: Delivery | E50: Medium | F50: AG15 | G50: 91 | H50: 24.9 | I50: Resolved | J50: 4 | K50: No | L50: =DATE(YEAR(B50),MONTH(B50),1) -> 46204 | M50: =WEEKDAY(B50,2) -> 3 | N50: =IF(G50<=INDEX(Assumptions!$B$15:$B$18,MATCH(E50,Assumptions!$A$15:$A$18,0)),"Yes","No") -> No | O50: =IF(H50="","Open",IF(H50<=INDEX(Assumptions!$C$15:$C$18,MATCH(E50,Assumptions!$A$15:$A$18,0)),"Yes","No")) -> No
A51: TK-00050 | B51: 46204 | C51: Email | D51: Billing | E51: Medium | F51: AG16 | G51: 86 | H51: 0.9 | I51: Resolved | K51: No | L51: =DATE(YEAR(B51),MONTH(B51),1) -> 46204 | M51: =WEEKDAY(B51,2) -> 3 | N51: =IF(G51<=INDEX(Assumptions!$B$15:$B$18,MATCH(E51,Assumptions!$A$15:$A$18,0)),"Yes","No") -> No | O51: =IF(H51="","Open",IF(H51<=INDEX(Assumptions!$C$15:$C$18,MATCH(E51,Assumptions!$A$15:$A$18,0)),"Yes","No")) -> Yes
A52: TK-00051 | B52: 46204 | C52: Phone | D52: Refund | E52: Medium | F52: AG16 | G52: 6 | H52: 38 | I52: Resolved | J52: 3 | K52: No | L52: =DATE(YEAR(B52),MONTH(B52),1) -> 46204 | M52: =WEEKDAY(B52,2) -> 3 | N52: =IF(G52<=INDEX(Assumptions!$B$15:$B$18,MATCH(E52,Assumptions!$A$15:$A$18,0)),"Yes","No") -> Yes | O52: =IF(H52="","Open",IF(H52<=INDEX(Assumptions!$C$15:$C$18,MATCH(E52,Assumptions!$A$15:$A$18,0)),"Yes","No")) -> No
A53: TK-00052 | B53: 46204 | C53: Chat | D53: Billing | E53: Medium | F53: AG14 | G53: 3 | H53: 12.5 | I53: Escalated | J53: 3 | K53: No | L53: =DATE(YEAR(B53),MONTH(B53),1) -> 46204 | M53: =WEEKDAY(B53,2) -> 3 | N53: =IF(G53<=INDEX(Assumptions!$B$15:$B$18,MATCH(E53,Assumptions!$A$15:$A$18,0)),"Yes","No") -> Yes | O53: =IF(H53="","Open",IF(H53<=INDEX(Assumptions!$C$15:$C$18,MATCH(E53,Assumptions!$A$15:$A$18,0)),"Yes","No")) -> Yes
A54: TK-00053 | B54: 46204 | C54: Email | D54: Billing | E54: Low | F54: AG12 | G54: 43 | H54: 20.2 | I54: Escalated | K54: No | L54: =DATE(YEAR(B54),MONTH(B54),1) -> 46204 | M54: =WEEKDAY(B54,2) -> 3 | N54: =IF(G54<=INDEX(Assumptions!$B$15:$B$18,MATCH(E54,Assumptions!$A$15:$A$18,0)),"Yes","No") -> Yes | O54: =IF(H54="","Open",IF(H54<=INDEX(Assumptions!$C$15:$C$18,MATCH(E54,Assumptions!$A$15:$A$18,0)),"Yes","No")) -> Yes
A55: TK-00054 | B55: 46204 | C55: WhatsApp | D55: Account | E55: High | F55: AG01 | G55: 3 | H55: 1.2 | I55: Resolved | K55: No | L55: =DATE(YEAR(B55),MONTH(B55),1) -> 46204 | M55: =WEEKDAY(B55,2) -> 3 | N55: =IF(G55<=INDEX(Assumptions!$B$15:$B$18,MATCH(E55,Assumptions!$A$15:$A$18,0)),"Yes","No") -> Yes | O55: =IF(H55="","Open",IF(H55<=INDEX(Assumptions!$C$15:$C$18,MATCH(E55,Assumptions!$A$15:$A$18,0)),"Yes","No")) -> Yes
A56: TK-00055 | B56: 46204 | C56: Email | D56: Delivery | E56: Low | F56: AG03 | G56: 171 | H56: 80.3 | I56: Resolved | J56: 2 | K56: No | L56: =DATE(YEAR(B56),MONTH(B56),1) -> 46204 | M56: =WEEKDAY(B56,2) -> 3 | N56: =IF(G56<=INDEX(Assumptions!$B$15:$B$18,MATCH(E56,Assumptions!$A$15:$A$18,0)),"Yes","No") -> Yes | O56: =IF(H56="","Open",IF(H56<=INDEX(Assumptions!$C$15:$C$18,MATCH(E56,Assumptions!$A$15:$A$18,0)),"Yes","No")) -> No
A57: TK-00056 | B57: 46204 | C57: Chat | D57: Delivery | E57: High | F57: AG15 | G57: 4 | H57: 4.9 | I57: Resolved | J57: 2 | K57: No | L57: =DATE(YEAR(B57),MONTH(B57),1) -> 46204 | M57: =WEEKDAY(B57,2) -> 3 | N57: =IF(G57<=INDEX(Assumptions!$B$15:$B$18,MATCH(E57,Assumptions!$A$15:$A$18,0)),"Yes","No") -> Yes | O57: =IF(H57="","Open",IF(H57<=INDEX(Assumptions!$C$15:$C$18,MATCH(E57,Assumptions!$A$15:$A$18,0)),"Yes","No")) -> Yes
A58: TK-00057 | B58: 46204 | C58: Chat | D58: Technical | E58: Medium | F58: AG12 | G58: 1 | H58: 32.7 | I58: Resolved | J58: 2 | K58: No | L58: =DATE(YEAR(B58),MONTH(B58),1) -> 46204 | M58: =WEEKDAY(B58,2) -> 3 | N58: =IF(G58<=INDEX(Assumptions!$B$15:$B$18,MATCH(E58,Assumptions!$A$15:$A$18,0)),"Yes","No") -> Yes | O58: =IF(H58="","Open",IF(H58<=INDEX(Assumptions!$C$15:$C$18,MATCH(E58,Assumptions!$A$15:$A$18,0)),"Yes","No")) -> No
A59: TK-00058 | B59: 46204 | C59: Chat | D59: Billing | E59: High | F59: AG05 | G59: 5 | H59: 8.2 | I59: Resolved | K59: No | L59: =DATE(YEAR(B59),MONTH(B59),1) -> 46204 | M59: =WEEKDAY(B59,2) -> 3 | N59: =IF(G59<=INDEX(Assumptions!$B$15:$B$18,MATCH(E59,Assumptions!$A$15:$A$18,0)),"Yes","No") -> Yes | O59: =IF(H59="","Open",IF(H59<=INDEX(Assumptions!$C$15:$C$18,MATCH(E59,Assumptions!$A$15:$A$18,0)),"Yes","No")) -> No
A60: TK-00059 | B60: 46204 | C60: Chat | D60: Technical | E60: Medium | F60: AG12 | G60: 4 | H60: 16.4 | I60: Resolved | J60: 5 | K60: No | L60: =DATE(YEAR(B60),MONTH(B60),1) -> 46204 | M60: =WEEKDAY(B60,2) -> 3 | N60: =IF(G60<=INDEX(Assumptions!$B$15:$B$18,MATCH(E60,Assumptions!$A$15:$A$18,0)),"Yes","No") -> Yes | O60: =IF(H60="","Open",IF(H60<=INDEX(Assumptions!$C$15:$C$18,MATCH(E60,Assumptions!$A$15:$A$18,0)),"Yes","No")) -> Yes
A61: TK-00060 | B61: 46204 | C61: Chat | D61: Refund | E61: Medium | F61: AG06 | G61: 2 | H61: 34.7 | I61: Resolved | K61: No | L61: =DATE(YEAR(B61),MONTH(B61),1) -> 46204 | M61: =WEEKDAY(B61,2) -> 3 | N61: =IF(G61<=INDEX(Assumptions!$B$15:$B$18,MATCH(E61,Assumptions!$A$15:$A$18,0)),"Yes","No") -> Yes | O61: =IF(H61="","Open",IF(H61<=INDEX(Assumptions!$C$15:$C$18,MATCH(E61,Assumptions!$A$15:$A$18,0)),"Yes","No")) -> No
A62: TK-00061 | B62: 46204 | C62: Email | D62: Refund | E62: Low | F62: AG14 | G62: 97 | I62: Open | K62: No | L62: =DATE(YEAR(B62),MONTH(B62),1) -> 46204 | M62: =WEEKDAY(B62,2) -> 3 | N62: =IF(G62<=INDEX(Assumptions!$B$15:$B$18,MATCH(E62,Assumptions!$A$15:$A$18,0)),"Yes","No") -> Yes | O62: =IF(H62="","Open",IF(H62<=INDEX(Assumptions!$C$15:$C$18,MATCH(E62,Assumptions!$A$15:$A$18,0)),"Yes","No")) -> Open
A63: TK-00062 | B63: 46204 | C63: Chat | D63: Technical | E63: High | F63: AG10 | G63: 3 | H63: 7.7 | I63: Resolved | J63: 3 | K63: No | L63: =DATE(YEAR(B63),MONTH(B63),1) -> 46204 | M63: =WEEKDAY(B63,2) -> 3 | N63: =IF(G63<=INDEX(Assumptions!$B$15:$B$18,MATCH(E63,Assumptions!$A$15:$A$18,0)),"Yes","No") -> Yes | O63: =IF(H63="","Open",IF(H63<=INDEX(Assumptions!$C$15:$C$18,MATCH(E63,Assumptions!$A$15:$A$18,0)),"Yes","No")) -> Yes
A64: TK-00063 | B64: 46204 | C64: WhatsApp | D64: Delivery | E64: Medium | F64: AG03 | G64: 28 | H64: 182.2 | I64: Escalated | J64: 2 | K64: No | L64: =DATE(YEAR(B64),MONTH(B64),1) -> 46204 | M64: =WEEKDAY(B64,2) -> 3 | N64: =IF(G64<=INDEX(Assumptions!$B$15:$B$18,MATCH(E64,Assumptions!$A$15:$A$18,0)),"Yes","No") -> Yes | O64: =IF(H64="","Open",IF(H64<=INDEX(Assumptions!$C$15:$C$18,MATCH(E64,Assumptions!$A$15:$A$18,0)),"Yes","No")) -> No
A65: TK-00064 | B65: 46204 | C65: Phone | D65: Delivery | E65: Medium | F65: AG09 | G65: 1 | H65: 4.9 | I65: Resolved | K65: No | L65: =DATE(YEAR(B65),MONTH(B65),1) -> 46204 | M65: =WEEKDAY(B65,2) -> 3 | N65: =IF(G65<=INDEX(Assumptions!$B$15:$B$18,MATCH(E65,Assumptions!$A$15:$A$18,0)),"Yes","No") -> Yes | O65: =IF(H65="","Open",IF(H65<=INDEX(Assumptions!$C$15:$C$18,MATCH(E65,Assumptions!$A$15:$A$18,0)),"Yes","No")) -> Yes
A66: TK-00065 | B66: 46204 | C66: Email | D66: Technical | E66: Medium | F66: AG11 | G66: 74 | H66: 2.2 | I66: Resolved | K66: No | L66: =DATE(YEAR(B66),MONTH(B66),1) -> 46204 | M66: =WEEKDAY(B66,2) -> 3 | N66: =IF(G66<=INDEX(Assumptions!$B$15:$B$18,MATCH(E66,Assumptions!$A$15:$A$18,0)),"Yes","No") -> No | O66: =IF(H66="","Open",IF(H66<=INDEX(Assumptions!$C$15:$C$18,MATCH(E66,Assumptions!$A$15:$A$18,0)),"Yes","No")) -> Yes
A67: TK-00066 | B67: 46204 | C67: WhatsApp | D67: Delivery | E67: High | F67: AG15 | G67: 52 | H67: 11.6 | I67: Resolved | J67: 3 | K67: No | L67: =DATE(YEAR(B67),MONTH(B67),1) -> 46204 | M67: =WEEKDAY(B67,2) -> 3 | N67: =IF(G67<=INDEX(Assumptions!$B$15:$B$18,MATCH(E67,Assumptions!$A$15:$A$18,0)),"Yes","No") -> No | O67: =IF(H67="","Open",IF(H67<=INDEX(Assumptions!$C$15:$C$18,MATCH(E67,Assumptions!$A$15:$A$18,0)),"Yes","No")) -> No
A68: TK-00067 | B68: 46204 | C68: Chat | D68: Billing | E68: Medium | F68: AG10 | G68: 6 | H68: 5 | I68: Resolved | K68: No | L68: =DATE(YEAR(B68),MONTH(B68),1) -> 46204 | M68: =WEEKDAY(B68,2) -> 3 | N68: =IF(G68<=INDEX(Assumptions!$B$15:$B$18,MATCH(E68,Assumptions!$A$15:$A$18,0)),"Yes","No") -> Yes | O68: =IF(H68="","Open",IF(H68<=INDEX(Assumptions!$C$15:$C$18,MATCH(E68,Assumptions!$A$15:$A$18,0)),"Yes","No")) -> Yes
A69: TK-00068 | B69: 46204 | C69: Chat | D69: Delivery | E69: Medium | F69: AG07 | G69: 1 | H69: 12.5 | I69: Resolved | K69: No | L69: =DATE(YEAR(B69),MONTH(B69),1) -> 46204 | M69: =WEEKDAY(B69,2) -> 3 | N69: =IF(G69<=INDEX(Assumptions!$B$15:$B$18,MATCH(E69,Assumptions!$A$15:$A$18,0)),"Yes","No") -> Yes | O69: =IF(H69="","Open",IF(H69<=INDEX(Assumptions!$C$15:$C$18,MATCH(E69,Assumptions!$A$15:$A$18,0)),"Yes","No")) -> Yes
A70: TK-00069 | B70: 46204 | C70: WhatsApp | D70: Technical | E70: Medium | F70: AG09 | G70: 3 | H70: 10.3 | I70: Resolved | K70: Yes | L70: =DATE(YEAR(B70),MONTH(B70),1) -> 46204 | M70: =WEEKDAY(B70,2) -> 3 | N70: =IF(G70<=INDEX(Assumptions!$B$15:$B$18,MATCH(E70,Assumptions!$A$15:$A$18,0)),"Yes","No") -> Yes | O70: =IF(H70="","Open",IF(H70<=INDEX(Assumptions!$C$15:$C$18,MATCH(E70,Assumptions!$A$15:$A$18,0)),"Yes","No")) -> Yes
A71: TK-00070 | B71: 46204 | C71: Phone | D71: Technical | E71: Low | F71: AG04 | G71: 7 | H71: 7.4 | I71: Resolved | J71: 5 | K71: No | L71: =DATE(YEAR(B71),MONTH(B71),1) -> 46204 | M71: =WEEKDAY(B71,2) -> 3 | N71: =IF(G71<=INDEX(Assumptions!$B$15:$B$18,MATCH(E71,Assumptions!$A$15:$A$18,0)),"Yes","No") -> Yes | O71: =IF(H71="","Open",IF(H71<=INDEX(Assumptions!$C$15:$C$18,MATCH(E71,Assumptions!$A$15:$A$18,0)),"Yes","No")) -> Yes
A72: TK-00071 | B72: 46204 | C72: Email | D72: Technical | E72: Low | F72: AG01 | G72: 67 | H72: 6.2 | I72: Resolved | J72: 5 | K72: Yes | L72: =DATE(YEAR(B72),MONTH(B72),1) -> 46204 | M72: =WEEKDAY(B72,2) -> 3 | N72: =IF(G72<=INDEX(Assumptions!$B$15:$B$18,MATCH(E72,Assumptions!$A$15:$A$18,0)),"Yes","No") -> Yes | O72: =IF(H72="","Open",IF(H72<=INDEX(Assumptions!$C$15:$C$18,MATCH(E72,Assumptions!$A$15:$A$18,0)),"Yes","No")) -> Yes
A73: TK-00072 | B73: 46204 | C73: Chat | D73: Account | E73: High | F73: AG03 | G73: 6 | H73: 0.7 | I73: Resolved | K73: No | L73: =DATE(YEAR(B73),MONTH(B73),1) -> 46204 | M73: =WEEKDAY(B73,2) -> 3 | N73: =IF(G73<=INDEX(Assumptions!$B$15:$B$18,MATCH(E73,Assumptions!$A$15:$A$18,0)),"Yes","No") -> Yes | O73: =IF(H73="","Open",IF(H73<=INDEX(Assumptions!$C$15:$C$18,MATCH(E73,Assumptions!$A$15:$A$18,0)),"Yes","No")) -> Yes
A74: TK-00073 | B74: 46204 | C74: Phone | D74: Account | E74: Urgent | F74: AG08 | G74: 2 | H74: 2.3 | I74: Resolved | K74: No | L74: =DATE(YEAR(B74),MONTH(B74),1) -> 46204 | M74: =WEEKDAY(B74,2) -> 3 | N74: =IF(G74<=INDEX(Assumptions!$B$15:$B$18,MATCH(E74,Assumptions!$A$15:$A$18,0)),"Yes","No") -> Yes | O74: =IF(H74="","Open",IF(H74<=INDEX(Assumptions!$C$15:$C$18,MATCH(E74,Assumptions!$A$15:$A$18,0)),"Yes","No")) -> Yes
A75: TK-00074 | B75: 46204 | C75: Email | D75: Technical | E75: Low | F75: AG09 | G75: 102 | H75: 10.4 | I75: Resolved | J75: 5 | K75: No | L75: =DATE(YEAR(B75),MONTH(B75),1) -> 46204 | M75: =WEEKDAY(B75,2) -> 3 | N75: =IF(G75<=INDEX(Assumptions!$B$15:$B$18,MATCH(E75,Assumptions!$A$15:$A$18,0)),"Yes","No") -> Yes | O75: =IF(H75="","Open",IF(H75<=INDEX(Assumptions!$C$15:$C$18,MATCH(E75,Assumptions!$A$15:$A$18,0)),"Yes","No")) -> Yes
A76: TK-00075 | B76: 46204 | C76: Phone | D76: Billing | E76: Low | F76: AG08 | G76: 2 | H76: 2.8 | I76: Resolved | J76: 5 | K76: No | L76: =DATE(YEAR(B76),MONTH(B76),1) -> 46204 | M76: =WEEKDAY(B76,2) -> 3 | N76: =IF(G76<=INDEX(Assumptions!$B$15:$B$18,MATCH(E76,Assumptions!$A$15:$A$18,0)),"Yes","No") -> Yes | O76: =IF(H76="","Open",IF(H76<=INDEX(Assumptions!$C$15:$C$18,MATCH(E76,Assumptions!$A$15:$A$18,0)),"Yes","No")) -> Yes
A77: TK-00076 | B77: 46204 | C77: Email | D77: Technical | E77: Medium | F77: AG04 | G77: 38 | H77: 10.6 | I77: Resolved | J77: 4 | K77: No | L77: =DATE(YEAR(B77),MONTH(B77),1) -> 46204 | M77: =WEEKDAY(B77,2) -> 3 | N77: =IF(G77<=INDEX(Assumptions!$B$15:$B$18,MATCH(E77,Assumptions!$A$15:$A$18,0)),"Yes","No") -> Yes | O77: =IF(H77="","Open",IF(H77<=INDEX(Assumptions!$C$15:$C$18,MATCH(E77,Assumptions!$A$15:$A$18,0)),"Yes","No")) -> Yes
A78: TK-00077 | B78: 46204 | C78: WhatsApp | D78: Billing | E78: Medium | F78: AG07 | G78: 46 | H78: 6 | I78: Resolved | J78: 4 | K78: No | L78: =DATE(YEAR(B78),MONTH(B78),1) -> 46204 | M78: =WEEKDAY(B78,2) -> 3 | N78: =IF(G78<=INDEX(Assumptions!$B$15:$B$18,MATCH(E78,Assumptions!$A$15:$A$18,0)),"Yes","No") -> Yes | O78: =IF(H78="","Open",IF(H78<=INDEX(Assumptions!$C$15:$C$18,MATCH(E78,Assumptions!$A$15:$A$18,0)),"Yes","No")) -> Yes
A79: TK-00078 | B79: 46204 | C79: Chat | D79: Technical | E79: Low | F79: AG16 | G79: 4 | H79: 19.2 | I79: Resolved | K79: No | L79: =DATE(YEAR(B79),MONTH(B79),1) -> 46204 | M79: =WEEKDAY(B79,2) -> 3 | N79: =IF(G79<=INDEX(Assumptions!$B$15:$B$18,MATCH(E79,Assumptions!$A$15:$A$18,0)),"Yes","No") -> Yes | O79: =IF(H79="","Open",IF(H79<=INDEX(Assumptions!$C$15:$C$18,MATCH(E79,Assumptions!$A$15:$A$18,0)),"Yes","No")) -> Yes
A80: TK-00079 | B80: 46204 | C80: Chat | D80: Delivery | E80: Medium | F80: AG07 | G80: 3 | H80: 22.6 | I80: Resolved | J80: 3 | K80: No | L80: =DATE(YEAR(B80),MONTH(B80),1) -> 46204 | M80: =WEEKDAY(B80,2) -> 3 | N80: =IF(G80<=INDEX(Assumptions!$B$15:$B$18,MATCH(E80,Assumptions!$A$15:$A$18,0)),"Yes","No") -> Yes | O80: =IF(H80="","Open",IF(H80<=INDEX(Assumptions!$C$15:$C$18,MATCH(E80,Assumptions!$A$15:$A$18,0)),"Yes","No")) -> Yes
A81: TK-00080 | B81: 46204 | C81: Email | D81: Delivery | E81: Medium | F81: AG07 | G81: 93 | H81: 8.7 | I81: Resolved | K81: No | L81: =DATE(YEAR(B81),MONTH(B81),1) -> 46204 | M81: =WEEKDAY(B81,2) -> 3 | N81: =IF(G81<=INDEX(Assumptions!$B$15:$B$18,MATCH(E81,Assumptions!$A$15:$A$18,0)),"Yes","No") -> No | O81: =IF(H81="","Open",IF(H81<=INDEX(Assumptions!$C$15:$C$18,MATCH(E81,Assumptions!$A$15:$A$18,0)),"Yes","No")) -> Yes
A82: TK-00081 | B82: 46204 | C82: Email | D82: Delivery | E82: High | F82: AG07 | G82: 40 | H82: 13.5 | I82: Resolved | K82: No | L82: =DATE(YEAR(B82),MONTH(B82),1) -> 46204 | M82: =WEEKDAY(B82,2) -> 3 | N82: =IF(G82<=INDEX(Assumptions!$B$15:$B$18,MATCH(E82,Assumptions!$A$15:$A$18,0)),"Yes","No") -> No | O82: =IF(H82="","Open",IF(H82<=INDEX(Assumptions!$C$15:$C$18,MATCH(E82,Assumptions!$A$15:$A$18,0)),"Yes","No")) -> No
A83: TK-00082 | B83: 46204 | C83: Phone | D83: Technical | E83: High | F83: AG02 | G83: 1 | H83: 2 | I83: Resolved | J83: 4 | K83: No | L83: =DATE(YEAR(B83),MONTH(B83),1) -> 46204 | M83: =WEEKDAY(B83,2) -> 3 | N83: =IF(G83<=INDEX(Assumptions!$B$15:$B$18,MATCH(E83,Assumptions!$A$15:$A$18,0)),"Yes","No") -> Yes | O83: =IF(H83="","Open",IF(H83<=INDEX(Assumptions!$C$15:$C$18,MATCH(E83,Assumptions!$A$15:$A$18,0)),"Yes","No")) -> Yes
A84: TK-00083 | B84: 46204 | C84: Email | D84: Billing | E84: High | F84: AG15 | G84: 61 | H84: 11.8 | I84: Resolved | J84: 5 | K84: No | L84: =DATE(YEAR(B84),MONTH(B84),1) -> 46204 | M84: =WEEKDAY(B84,2) -> 3 | N84: =IF(G84<=INDEX(Assumptions!$B$15:$B$18,MATCH(E84,Assumptions!$A$15:$A$18,0)),"Yes","No") -> No | O84: =IF(H84="","Open",IF(H84<=INDEX(Assumptions!$C$15:$C$18,MATCH(E84,Assumptions!$A$15:$A$18,0)),"Yes","No")) -> No
A85: TK-00084 | B85: 46204 | C85: Chat | D85: Delivery | E85: High | F85: AG01 | G85: 1 | H85: 4.9 | I85: Resolved | K85: No | L85: =DATE(YEAR(B85),MONTH(B85),1) -> 46204 | M85: =WEEKDAY(B85,2) -> 3 | N85: =IF(G85<=INDEX(Assumptions!$B$15:$B$18,MATCH(E85,Assumptions!$A$15:$A$18,0)),"Yes","No") -> Yes | O85: =IF(H85="","Open",IF(H85<=INDEX(Assumptions!$C$15:$C$18,MATCH(E85,Assumptions!$A$15:$A$18,0)),"Yes","No")) -> Yes
A86: TK-00085 | B86: 46204 | C86: WhatsApp | D86: Account | E86: Low | F86: AG05 | G86: 6 | H86: 9.8 | I86: Resolved | K86: No | L86: =DATE(YEAR(B86),MONTH(B86),1) -> 46204 | M86: =WEEKDAY(B86,2) -> 3 | N86: =IF(G86<=INDEX(Assumptions!$B$15:$B$18,MATCH(E86,Assumptions!$A$15:$A$18,0)),"Yes","No") -> Yes | O86: =IF(H86="","Open",IF(H86<=INDEX(Assumptions!$C$15:$C$18,MATCH(E86,Assumptions!$A$15:$A$18,0)),"Yes","No")) -> Yes
A87: TK-00086 | B87: 46204 | C87: Email | D87: Refund | E87: Low | F87: AG09 | G87: 94 | H87: 34.5 | I87: Resolved | K87: No | L87: =DATE(YEAR(B87),MONTH(B87),1) -> 46204 | M87: =WEEKDAY(B87,2) -> 3 | N87: =IF(G87<=INDEX(Assumptions!$B$15:$B$18,MATCH(E87,Assumptions!$A$15:$A$18,0)),"Yes","No") -> Yes | O87: =IF(H87="","Open",IF(H87<=INDEX(Assumptions!$C$15:$C$18,MATCH(E87,Assumptions!$A$15:$A$18,0)),"Yes","No")) -> Yes
A88: TK-00087 | B88: 46204 | C88: WhatsApp | D88: Delivery | E88: Medium | F88: AG14 | G88: 21 | H88: 17.8 | I88: Resolved | K88: No | L88: =DATE(YEAR(B88),MONTH(B88),1) -> 46204 | M88: =WEEKDAY(B88,2) -> 3 | N88: =IF(G88<=INDEX(Assumptions!$B$15:$B$18,MATCH(E88,Assumptions!$A$15:$A$18,0)),"Yes","No") -> Yes | O88: =IF(H88="","Open",IF(H88<=INDEX(Assumptions!$C$15:$C$18,MATCH(E88,Assumptions!$A$15:$A$18,0)),"Yes","No")) -> Yes
A89: TK-00088 | B89: 46204 | C89: Phone | D89: Billing | E89: High | F89: AG11 | G89: 1 | H89: 1 | I89: Resolved | J89: 5 | K89: No | L89: =DATE(YEAR(B89),MONTH(B89),1) -> 46204 | M89: =WEEKDAY(B89,2) -> 3 | N89: =IF(G89<=INDEX(Assumptions!$B$15:$B$18,MATCH(E89,Assumptions!$A$15:$A$18,0)),"Yes","No") -> Yes | O89: =IF(H89="","Open",IF(H89<=INDEX(Assumptions!$C$15:$C$18,MATCH(E89,Assumptions!$A$15:$A$18,0)),"Yes","No")) -> Yes
A90: TK-00089 | B90: 46205 | C90: Email | D90: Technical | E90: Medium | F90: AG02 | G90: 76 | H90: 10 | I90: Resolved | J90: 5 | K90: No | L90: =DATE(YEAR(B90),MONTH(B90),1) -> 46204 | M90: =WEEKDAY(B90,2) -> 4 | N90: =IF(G90<=INDEX(Assumptions!$B$15:$B$18,MATCH(E90,Assumptions!$A$15:$A$18,0)),"Yes","No") -> No | O90: =IF(H90="","Open",IF(H90<=INDEX(Assumptions!$C$15:$C$18,MATCH(E90,Assumptions!$A$15:$A$18,0)),"Yes","No")) -> Yes
A91: TK-00090 | B91: 46205 | C91: Phone | D91: Account | E91: Medium | F91: AG08 | G91: 1 | H91: 1.6 | I91: Resolved | J91: 4 | K91: No | L91: =DATE(YEAR(B91),MONTH(B91),1) -> 46204 | M91: =WEEKDAY(B91,2) -> 4 | N91: =IF(G91<=INDEX(Assumptions!$B$15:$B$18,MATCH(E91,Assumptions!$A$15:$A$18,0)),"Yes","No") -> Yes | O91: =IF(H91="","Open",IF(H91<=INDEX(Assumptions!$C$15:$C$18,MATCH(E91,Assumptions!$A$15:$A$18,0)),"Yes","No")) -> Yes
A92: TK-00091 | B92: 46205 | C92: Email | D92: Technical | E92: High | F92: AG07 | G92: 35 | H92: 9.2 | I92: Resolved | J92: 5 | K92: No | L92: =DATE(YEAR(B92),MONTH(B92),1) -> 46204 | M92: =WEEKDAY(B92,2) -> 4 | N92: =IF(G92<=INDEX(Assumptions!$B$15:$B$18,MATCH(E92,Assumptions!$A$15:$A$18,0)),"Yes","No") -> No | O92: =IF(H92="","Open",IF(H92<=INDEX(Assumptions!$C$15:$C$18,MATCH(E92,Assumptions!$A$15:$A$18,0)),"Yes","No")) -> No
A93: TK-00092 | B93: 46205 | C93: WhatsApp | D93: Account | E93: Medium | F93: AG18 | G93: 23 | H93: 1.5 | I93: Resolved | J93: 3 | K93: No | L93: =DATE(YEAR(B93),MONTH(B93),1) -> 46204 | M93: =WEEKDAY(B93,2) -> 4 | N93: =IF(G93<=INDEX(Assumptions!$B$15:$B$18,MATCH(E93,Assumptions!$A$15:$A$18,0)),"Yes","No") -> Yes | O93: =IF(H93="","Open",IF(H93<=INDEX(Assumptions!$C$15:$C$18,MATCH(E93,Assumptions!$A$15:$A$18,0)),"Yes","No")) -> Yes
A94: TK-00093 | B94: 46205 | C94: Email | D94: Technical | E94: Medium | F94: AG03 | G94: 160 | H94: 12.4 | I94: Resolved | J94: 3 | K94: No | L94: =DATE(YEAR(B94),MONTH(B94),1) -> 46204 | M94: =WEEKDAY(B94,2) -> 4 | N94: =IF(G94<=INDEX(Assumptions!$B$15:$B$18,MATCH(E94,Assumptions!$A$15:$A$18,0)),"Yes","No") -> No | O94: =IF(H94="","Open",IF(H94<=INDEX(Assumptions!$C$15:$C$18,MATCH(E94,Assumptions!$A$15:$A$18,0)),"Yes","No")) -> Yes
A95: TK-00094 | B95: 46205 | C95: Email | D95: Account | E95: Low | F95: AG13 | G95: 23 | H95: 2.2 | I95: Resolved | J95: 5 | K95: No | L95: =DATE(YEAR(B95),MONTH(B95),1) -> 46204 | M95: =WEEKDAY(B95,2) -> 4 | N95: =IF(G95<=INDEX(Assumptions!$B$15:$B$18,MATCH(E95,Assumptions!$A$15:$A$18,0)),"Yes","No") -> Yes | O95: =IF(H95="","Open",IF(H95<=INDEX(Assumptions!$C$15:$C$18,MATCH(E95,Assumptions!$A$15:$A$18,0)),"Yes","No")) -> Yes
A96: TK-00095 | B96: 46205 | C96: Chat | D96: Delivery | E96: Medium | F96: AG02 | G96: 3 | H96: 3.8 | I96: Resolved | K96: No | L96: =DATE(YEAR(B96),MONTH(B96),1) -> 46204 | M96: =WEEKDAY(B96,2) -> 4 | N96: =IF(G96<=INDEX(Assumptions!$B$15:$B$18,MATCH(E96,Assumptions!$A$15:$A$18,0)),"Yes","No") -> Yes | O96: =IF(H96="","Open",IF(H96<=INDEX(Assumptions!$C$15:$C$18,MATCH(E96,Assumptions!$A$15:$A$18,0)),"Yes","No")) -> Yes
A97: TK-00096 | B97: 46205 | C97: WhatsApp | D97: Technical | E97: Medium | F97: AG07 | G97: 7 | H97: 4.9 | I97: Resolved | K97: Yes | L97: =DATE(YEAR(B97),MONTH(B97),1) -> 46204 | M97: =WEEKDAY(B97,2) -> 4 | N97: =IF(G97<=INDEX(Assumptions!$B$15:$B$18,MATCH(E97,Assumptions!$A$15:$A$18,0)),"Yes","No") -> Yes | O97: =IF(H97="","Open",IF(H97<=INDEX(Assumptions!$C$15:$C$18,MATCH(E97,Assumptions!$A$15:$A$18,0)),"Yes","No")) -> Yes
A98: TK-00097 | B98: 46205 | C98: Email | D98: Refund | E98: Low | F98: AG14 | G98: 56 | H98: 181 | I98: Escalated | K98: No | L98: =DATE(YEAR(B98),MONTH(B98),1) -> 46204 | M98: =WEEKDAY(B98,2) -> 4 | N98: =IF(G98<=INDEX(Assumptions!$B$15:$B$18,MATCH(E98,Assumptions!$A$15:$A$18,0)),"Yes","No") -> Yes | O98: =IF(H98="","Open",IF(H98<=INDEX(Assumptions!$C$15:$C$18,MATCH(E98,Assumptions!$A$15:$A$18,0)),"Yes","No")) -> No
A99: TK-00098 | B99: 46205 | C99: Email | D99: Refund | E99: Medium | F99: AG09 | G99: 137 | H99: 41.3 | I99: Resolved | K99: No | L99: =DATE(YEAR(B99),MONTH(B99),1) -> 46204 | M99: =WEEKDAY(B99,2) -> 4 | N99: =IF(G99<=INDEX(Assumptions!$B$15:$B$18,MATCH(E99,Assumptions!$A$15:$A$18,0)),"Yes","No") -> No | O99: =IF(H99="","Open",IF(H99<=INDEX(Assumptions!$C$15:$C$18,MATCH(E99,Assumptions!$A$15:$A$18,0)),"Yes","No")) -> No
A100: TK-00099 | B100: 46205 | C100: Chat | D100: Account | E100: Medium | F100: AG14 | G100: 6 | H100: 3.3 | I100: Resolved | J100: 3 | K100: No | L100: =DATE(YEAR(B100),MONTH(B100),1) -> 46204 | M100: =WEEKDAY(B100,2) -> 4 | N100: =IF(G100<=INDEX(Assumptions!$B$15:$B$18,MATCH(E100,Assumptions!$A$15:$A$18,0)),"Yes","No") -> Yes | O100: =IF(H100="","Open",IF(H100<=INDEX(Assumptions!$C$15:$C$18,MATCH(E100,Assumptions!$A$15:$A$18,0)),"Yes","No")) -> Yes
...
